UserID,DeviceType,UsageHoursPerDay,EnergyConsumption,UserPreferences,MalfunctionIncidents,DeviceAgeMonths,SmartHomeEfficiency
1,Smart Speaker,15.30718848124909,1.9616068166289795,1,4,36,1
2,Camera,19.9733432937798,8.610688921898104,1,0,29,1
3,Security System,18.91153466115779,2.651776634718286,1,0,20,1
4,Camera,7.011127368264892,2.341653090367735,0,3,15,0
5,Camera,22.6106839846413,4.859069159195124,1,3,36,1
6,Thermostat,3.422127273625453,5.038625135068315,1,0,3,1
7,Security System,21.065640037597078,2.2293437649724197,0,0,56,0
8,Security System,23.31709586570853,2.791421194586566,0,0,53,0
9,Security System,4.663107795731701,1.780081867636925,1,2,23,1
10,Camera,17.468552508788953,7.212755765399351,1,4,58,0
11,Smart Speaker,1.446709691282964,7.72388140941541,0,3,54,0
12,Security System,10.02743639077014,4.677052124846898,0,3,46,0
13,Camera,12.63265753114534,7.169461524581672,1,1,9,1
14,Thermostat,14.1451628088764,7.38576038018071,0,2,30,0
15,Smart Speaker,22.49452533384115,1.4689277240103051,0,0,19,1
16,Thermostat,16.297891151413573,9.665162445861911,1,0,38,1
17,Smart Speaker,11.81003185365207,8.228216276254667,1,2,3,1
18,Camera,19.5273633522484,2.1243862658386528,0,3,50,0
19,Lights,22.83752129242861,1.943033853886096,1,0,48,1
20,Smart Speaker,1.0185544940338347,1.3440453412378692,1,1,3,1
21,Thermostat,23.58924989801691,1.469947769164992,1,3,34,1
22,Camera,2.524105267996488,7.506801810384092,1,4,2,0
23,Smart Speaker,19.638089312815893,4.749577143821073,1,2,58,1
24,Lights,7.087866684958193,7.851048310124685,0,3,27,0
25,Lights,3.606221957215986,7.487923454067033,0,4,23,0
26,Security System,10.83660753327512,6.085665863701694,1,1,42,0
27,Security System,15.632979617018918,6.895029405128927,1,2,32,1
28,Thermostat,9.452368358051665,0.2817216713535037,1,0,47,1
29,Smart Speaker,1.7822870946434255,3.1865987033697176,0,0,35,0
30,Smart Speaker,14.58733678197984,6.414439574668161,0,4,40,0
31,Security System,21.70647698860085,0.1925150395138176,0,3,18,0
32,Smart Speaker,9.505561099760415,0.4264717424576747,0,1,27,0
33,Smart Speaker,5.583820274324435,8.533691026456793,1,4,11,0
34,Lights,10.90056762942116,6.871846130751511,1,1,39,0
35,Security System,1.6365237096463503,2.727160357891405,0,1,19,0
36,Camera,19.781458235286458,6.910832117175219,0,1,25,0
37,Security System,19.91900905732939,7.945321024478706,1,2,7,1
38,Camera,14.318010890596268,3.1372634027900026,1,4,31,1
39,Lights,8.797917890052153,0.4567700372419557,1,2,57,1
40,Thermostat,19.29490906447591,9.334513334408571,1,3,2,1
41,Smart Speaker,13.535145082526627,3.517280399126742,1,3,38,1
42,Lights,19.909409250925385,1.1541694565185932,0,0,5,1
43,Smart Speaker,15.339281625700984,4.969383026792159,1,0,14,1
44,Thermostat,18.933528620500734,7.707831177074925,0,0,18,0
45,Thermostat,14.56623034061736,2.294308414713836,0,3,36,0
46,Lights,10.232315103068157,2.7679514963202974,1,1,4,1
47,Thermostat,23.01172770826423,2.5028783693059733,0,1,24,0
48,Camera,13.216174884652853,9.917563223033614,0,4,13,0
49,Thermostat,14.719603685702651,2.054296963932371,1,3,55,1
50,Smart Speaker,5.681459526246607,5.797650147964627,0,0,21,0
51,Smart Speaker,15.202793551540998,9.260119952403947,1,3,57,0
52,Smart Speaker,13.93277976284918,1.5542760318900146,1,1,33,1
53,Smart Speaker,4.843702351755086,9.711456558890232,0,1,20,0
54,Camera,1.9002967877988768,9.480024620516684,1,2,5,0
55,Security System,14.70244401329712,8.8572626718768,1,2,24,1
56,Lights,18.44676832973253,2.2241095611670225,0,4,35,0
57,Smart Speaker,12.799932216667193,6.377145054508735,1,3,30,1
58,Thermostat,5.829156695011674,7.632825582316277,0,2,28,0
59,Smart Speaker,16.163266452286322,9.861676489144656,0,2,53,0
60,Thermostat,2.3824845753256527,1.8861958386055675,1,3,51,0
61,Thermostat,10.883092062845932,7.683656405241034,0,1,45,0
62,Smart Speaker,4.339118822362874,3.4541315822784187,1,4,7,1
63,Camera,4.834787699907259,1.8387020091232231,0,4,42,0
64,Thermostat,5.253907805217786,4.271631718017164,1,4,35,1
65,Thermostat,9.58761584053348,7.958975530271302,1,2,55,0
66,Smart Speaker,1.702029832079344,4.702013056670116,0,1,30,0
67,Thermostat,9.848145861833808,5.42147869201018,0,4,34,0
68,Thermostat,12.52512500719547,9.9520781609812,1,3,39,0
69,Smart Speaker,11.857415696708642,4.051182065618518,1,4,9,1
70,Smart Speaker,9.495426359471454,6.192467471621474,0,0,53,0
71,Lights,20.21994528966268,3.7159175959921815,1,1,12,1
72,Camera,3.915177271881847,3.9885778986541793,1,0,54,1
73,Camera,12.383873478862288,6.98684345910954,0,1,29,0
74,Thermostat,1.957973298479026,9.385081063339346,0,3,10,0
75,Camera,2.172158453630879,5.469353609873981,1,2,27,0
76,Thermostat,13.985847467411762,7.707159296592921,0,2,19,0
77,Lights,13.801432984863792,0.983144932287942,0,1,13,0
78,Smart Speaker,21.13378755184474,2.190464570576077,1,4,42,1
79,Smart Speaker,13.61003137801172,5.071103245103371,0,0,37,0
80,Smart Speaker,23.05508897951398,0.2981160639248704,0,3,32,0
81,Camera,1.6443289373983496,2.6032642897493323,1,4,15,1
82,Lights,2.803180592347415,5.222272769267165,0,2,21,0
83,Camera,1.535547746903963,0.248115862737377,1,4,3,1
84,Camera,4.85400598283819,2.719008233637813,0,0,8,0
85,Lights,13.219847607129434,5.188905112811108,0,2,6,0
86,Lights,15.670946263544558,5.774177555014332,1,1,29,1
87,Lights,1.5712512117937167,9.264941761247524,0,3,19,0
88,Lights,22.730315911371584,6.488921670181018,0,3,17,0
89,Smart Speaker,20.290886351283955,4.205884445046938,0,2,10,0
90,Security System,7.470393330691689,9.310476653617371,0,1,33,0
91,Security System,2.3139069603219973,7.870341535539163,0,0,13,0
92,Lights,4.492346220647846,2.0800883190162014,0,3,27,0
93,Security System,3.483193723241858,1.3953393773533158,1,2,42,0
94,Security System,3.397168813525251,6.7905351938530565,0,3,12,0
95,Lights,12.686199683644748,5.642843339212139,0,1,2,0
96,Security System,6.277414898594907,7.917768776548281,1,0,10,1
97,Camera,8.916283338434894,7.4141699957789955,1,1,21,1
98,Thermostat,23.753375334531576,6.289594185189399,1,4,23,1
99,Thermostat,16.581384849745604,9.865183499126031,0,1,1,0
100,Lights,22.80104567560453,5.382538328093045,1,1,33,1
101,Smart Speaker,3.8500790432782166,1.2197469893670263,1,3,52,0
102,Lights,9.480277658565376,8.299908291678285,0,1,26,0
103,Smart Speaker,13.536197377135323,2.5933482872225198,1,2,15,1
104,Thermostat,2.303814454385344,7.795291266624791,0,3,22,0
105,Lights,0.5984049252570098,9.575360250400507,0,3,25,0
106,Camera,16.255206844227562,6.998275588246979,0,4,1,0
107,Security System,15.582758644833731,6.000698593403031,0,2,59,0
108,Smart Speaker,10.153537034990876,4.657823139182901,0,1,26,0
109,Security System,12.006635786752769,3.707657673354493,1,4,21,1
110,Security System,10.262910513914106,3.594747034621179,0,2,41,0
111,Lights,1.064118553854888,6.400089786524947,1,4,24,0
112,Security System,8.381232746110367,7.537603857683684,0,0,39,0
113,Camera,4.661433001836311,6.817318987895702,1,1,16,0
114,Security System,2.8129684438821654,2.064260001816271,0,4,32,0
115,Lights,22.98293019639972,4.990473083420563,0,0,16,1
116,Camera,14.584953538490891,7.9372367146123235,0,1,13,0
117,Thermostat,17.623422679560164,4.8094703740716565,1,4,42,1
118,Security System,7.911047966753761,5.4125704693813885,1,4,32,0
119,Lights,9.738957543109358,7.734246876891139,1,4,50,0
120,Thermostat,6.067713856573001,6.646526532024406,0,4,41,0
121,Thermostat,2.7786932676874816,4.152514716735687,0,3,44,0
122,Smart Speaker,4.707243479877219,8.964585840822767,1,4,24,0
123,Camera,19.241580064467417,1.7094139797684382,0,3,13,0
124,Security System,16.42232642181873,9.955612841044214,1,3,11,1
125,Lights,13.352828585658708,1.2766405269147485,0,0,15,1
126,Smart Speaker,11.66461201236905,0.2480047139319651,1,1,10,1
127,Camera,22.17720566591893,8.91118712137277,1,3,42,0
128,Smart Speaker,2.2092712727987074,2.525039732822965,0,2,41,0
129,Camera,7.094119111091025,7.324026311722537,1,3,57,0
130,Camera,8.72353955891178,8.129052211827487,0,2,57,0
131,Security System,18.887006587000517,8.603965271217957,0,0,3,0
132,Camera,23.824093573806326,9.91678293307525,0,2,55,0
133,Smart Speaker,6.1557570967930975,3.010993129395991,1,0,16,1
134,Camera,21.046222352221395,7.1314090850798655,1,0,44,1
135,Security System,20.01963487014709,1.2424585969801996,1,0,17,1
136,Security System,5.779448844581515,4.1274119844328085,0,2,25,0
137,Smart Speaker,9.88431563468173,8.494919763794645,0,2,30,0
138,Thermostat,10.1273124283742,3.739814655985173,1,0,47,1
139,Thermostat,23.48818571037412,5.951844267302579,0,0,57,0
140,Camera,4.750959682404111,5.087357092873877,0,1,35,0
141,Lights,19.280212320962377,6.494920158009246,1,0,37,1
142,Camera,8.353528783068082,9.73165445493818,1,4,13,1
143,Smart Speaker,17.675453125739768,0.651781712363881,0,1,24,0
144,Smart Speaker,10.370258600948077,5.782219023266134,0,1,38,0
145,Smart Speaker,14.09145443323869,8.64398491457782,1,1,26,1
146,Smart Speaker,20.066376673164083,4.865688846309432,1,4,58,1
147,Smart Speaker,19.39789077712128,0.8774191408215709,0,1,9,0
148,Security System,20.860944813182957,5.649339588926032,0,1,19,0
149,Thermostat,1.901007145599487,3.3875315191558224,0,2,28,0
150,Smart Speaker,16.763187996434002,1.6339236748455654,1,2,7,1
151,Lights,3.789703352961428,8.505441681506383,0,0,45,0
152,Lights,10.271736348432658,5.263835178612104,0,0,22,0
153,Lights,13.39182775378518,9.33943648255276,0,3,30,0
154,Lights,9.964377891550525,8.079563395570384,0,4,37,0
155,Security System,12.710874381370676,6.960420758359307,0,2,16,0
156,Lights,23.91836825676755,0.1497524833165881,0,0,36,0
157,Smart Speaker,3.677606872252086,4.3354522207186745,1,4,5,1
158,Camera,16.373217065406003,2.05511418835512,1,1,29,1
159,Lights,9.806022710061958,9.11689931938379,1,4,52,0
160,Security System,3.625730274322226,1.8283814482959668,0,2,51,0
161,Security System,4.230313939296273,2.9319945114269266,1,3,23,1
162,Lights,22.807917996772,5.216684000571542,0,2,6,0
163,Camera,21.170635172726406,2.707299828080985,0,0,36,0
164,Lights,21.81548606975301,2.1776603050633,0,0,57,0
165,Security System,23.801020231943586,6.031083318517249,0,4,33,0
166,Thermostat,5.395411665200172,0.9804022752747362,0,2,49,0
167,Smart Speaker,8.85282442805545,0.6758608113371547,1,0,41,1
1,Smart Speaker,15.30718848124909,1.9616068166289795,1,4,36,1
2,Camera,19.9733432937798,8.610688921898104,1,0,29,1
3,Security System,18.91153466115779,2.651776634718286,1,0,20,1
4,Camera,7.011127368264892,2.341653090367735,0,3,15,0
5,Camera,22.6106839846413,4.859069159195124,1,3,36,1
6,Thermostat,3.422127273625453,5.038625135068315,1,0,3,1
7,Security System,21.065640037597078,2.2293437649724197,0,0,56,0
8,Security System,23.31709586570853,2.791421194586566,0,0,53,0
9,Security System,4.663107795731701,1.780081867636925,1,2,23,1
10,Camera,17.468552508788953,7.212755765399351,1,4,58,0
11,Smart Speaker,1.446709691282964,7.72388140941541,0,3,54,0
12,Security System,10.02743639077014,4.677052124846898,0,3,46,0
13,Camera,12.63265753114534,7.169461524581672,1,1,9,1
14,Thermostat,14.1451628088764,7.38576038018071,0,2,30,0
15,Smart Speaker,22.49452533384115,1.4689277240103051,0,0,19,1
16,Thermostat,16.297891151413573,9.665162445861911,1,0,38,1
17,Smart Speaker,11.81003185365207,8.228216276254667,1,2,3,1
18,Camera,19.5273633522484,2.1243862658386528,0,3,50,0
19,Lights,22.83752129242861,1.943033853886096,1,0,48,1
20,Smart Speaker,1.0185544940338347,1.3440453412378692,1,1,3,1
21,Thermostat,23.58924989801691,1.469947769164992,1,3,34,1
22,Camera,2.524105267996488,7.506801810384092,1,4,2,0
23,Smart Speaker,19.638089312815893,4.749577143821073,1,2,58,1
24,Lights,7.087866684958193,7.851048310124685,0,3,27,0
25,Lights,3.606221957215986,7.487923454067033,0,4,23,0
26,Security System,10.83660753327512,6.085665863701694,1,1,42,0
27,Security System,15.632979617018918,6.895029405128927,1,2,32,1
28,Thermostat,9.452368358051665,0.2817216713535037,1,0,47,1
29,Smart Speaker,1.7822870946434255,3.1865987033697176,0,0,35,0
30,Smart Speaker,14.58733678197984,6.414439574668161,0,4,40,0
31,Security System,21.70647698860085,0.1925150395138176,0,3,18,0
32,Smart Speaker,9.505561099760415,0.4264717424576747,0,1,27,0
33,Smart Speaker,5.583820274324435,8.533691026456793,1,4,11,0
34,Lights,10.90056762942116,6.871846130751511,1,1,39,0
35,Security System,1.6365237096463503,2.727160357891405,0,1,19,0
36,Camera,19.781458235286458,6.910832117175219,0,1,25,0
37,Security System,19.91900905732939,7.945321024478706,1,2,7,1
38,Camera,14.318010890596268,3.1372634027900026,1,4,31,1
39,Lights,8.797917890052153,0.4567700372419557,1,2,57,1
40,Thermostat,19.29490906447591,9.334513334408571,1,3,2,1
41,Smart Speaker,13.535145082526627,3.517280399126742,1,3,38,1
42,Lights,19.909409250925385,1.1541694565185932,0,0,5,1
43,Smart Speaker,15.339281625700984,4.969383026792159,1,0,14,1
44,Thermostat,18.933528620500734,7.707831177074925,0,0,18,0
45,Thermostat,14.56623034061736,2.294308414713836,0,3,36,0
46,Lights,10.232315103068157,2.7679514963202974,1,1,4,1
47,Thermostat,23.01172770826423,2.5028783693059733,0,1,24,0
48,Camera,13.216174884652853,9.917563223033614,0,4,13,0
49,Thermostat,14.719603685702651,2.054296963932371,1,3,55,1
50,Smart Speaker,5.681459526246607,5.797650147964627,0,0,21,0
51,Smart Speaker,15.202793551540998,9.260119952403947,1,3,57,0
52,Smart Speaker,13.93277976284918,1.5542760318900146,1,1,33,1
53,Smart Speaker,4.843702351755086,9.711456558890232,0,1,20,0
54,Camera,1.9002967877988768,9.480024620516684,1,2,5,0
55,Security System,14.70244401329712,8.8572626718768,1,2,24,1
56,Lights,18.44676832973253,2.2241095611670225,0,4,35,0
57,Smart Speaker,12.799932216667193,6.377145054508735,1,3,30,1
58,Thermostat,5.829156695011674,7.632825582316277,0,2,28,0
59,Smart Speaker,16.163266452286322,9.861676489144656,0,2,53,0
60,Thermostat,2.3824845753256527,1.8861958386055675,1,3,51,0
61,Thermostat,10.883092062845932,7.683656405241034,0,1,45,0
62,Smart Speaker,4.339118822362874,3.4541315822784187,1,4,7,1
63,Camera,4.834787699907259,1.8387020091232231,0,4,42,0
64,Thermostat,5.253907805217786,4.271631718017164,1,4,35,1
65,Thermostat,9.58761584053348,7.958975530271302,1,2,55,0
66,Smart Speaker,1.702029832079344,4.702013056670116,0,1,30,0
67,Thermostat,9.848145861833808,5.42147869201018,0,4,34,0
68,Thermostat,12.52512500719547,9.9520781609812,1,3,39,0
69,Smart Speaker,11.857415696708642,4.051182065618518,1,4,9,1
70,Smart Speaker,9.495426359471454,6.192467471621474,0,0,53,0
71,Lights,20.21994528966268,3.7159175959921815,1,1,12,1
72,Camera,3.915177271881847,3.9885778986541793,1,0,54,1
73,Camera,12.383873478862288,6.98684345910954,0,1,29,0
74,Thermostat,1.957973298479026,9.385081063339346,0,3,10,0
75,Camera,2.172158453630879,5.469353609873981,1,2,27,0
76,Thermostat,13.985847467411762,7.707159296592921,0,2,19,0
77,Lights,13.801432984863792,0.983144932287942,0,1,13,0
78,Smart Speaker,21.13378755184474,2.190464570576077,1,4,42,1
79,Smart Speaker,13.61003137801172,5.071103245103371,0,0,37,0
80,Smart Speaker,23.05508897951398,0.2981160639248704,0,3,32,0
81,Camera,1.6443289373983496,2.6032642897493323,1,4,15,1
82,Lights,2.803180592347415,5.222272769267165,0,2,21,0
83,Camera,1.535547746903963,0.248115862737377,1,4,3,1
84,Camera,4.85400598283819,2.719008233637813,0,0,8,0
85,Lights,13.219847607129434,5.188905112811108,0,2,6,0
86,Lights,15.670946263544558,5.774177555014332,1,1,29,1
87,Lights,1.5712512117937167,9.264941761247524,0,3,19,0
88,Lights,22.730315911371584,6.488921670181018,0,3,17,0
89,Smart Speaker,20.290886351283955,4.205884445046938,0,2,10,0
90,Security System,7.470393330691689,9.310476653617371,0,1,33,0
91,Security System,2.3139069603219973,7.870341535539163,0,0,13,0
92,Lights,4.492346220647846,2.0800883190162014,0,3,27,0
93,Security System,3.483193723241858,1.3953393773533158,1,2,42,0
94,Security System,3.397168813525251,6.7905351938530565,0,3,12,0
95,Lights,12.686199683644748,5.642843339212139,0,1,2,0
96,Security System,6.277414898594907,7.917768776548281,1,0,10,1
97,Camera,8.916283338434894,7.4141699957789955,1,1,21,1
98,Thermostat,23.753375334531576,6.289594185189399,1,4,23,1
99,Thermostat,16.581384849745604,9.865183499126031,0,1,1,0
100,Lights,22.80104567560453,5.382538328093045,1,1,33,1
101,Smart Speaker,3.8500790432782166,1.2197469893670263,1,3,52,0
102,Lights,9.480277658565376,8.299908291678285,0,1,26,0
103,Smart Speaker,13.536197377135323,2.5933482872225198,1,2,15,1
104,Thermostat,2.303814454385344,7.795291266624791,0,3,22,0
105,Lights,0.5984049252570098,9.575360250400507,0,3,25,0
106,Camera,16.255206844227562,6.998275588246979,0,4,1,0
107,Security System,15.582758644833731,6.000698593403031,0,2,59,0
108,Smart Speaker,10.153537034990876,4.657823139182901,0,1,26,0
109,Security System,12.006635786752769,3.707657673354493,1,4,21,1
110,Security System,10.262910513914106,3.594747034621179,0,2,41,0
111,Lights,1.064118553854888,6.400089786524947,1,4,24,0
112,Security System,8.381232746110367,7.537603857683684,0,0,39,0
113,Camera,4.661433001836311,6.817318987895702,1,1,16,0
114,Security System,2.8129684438821654,2.064260001816271,0,4,32,0
115,Lights,22.98293019639972,4.990473083420563,0,0,16,1
116,Camera,14.584953538490891,7.9372367146123235,0,1,13,0
117,Thermostat,17.623422679560164,4.8094703740716565,1,4,42,1
118,Security System,7.911047966753761,5.4125704693813885,1,4,32,0
119,Lights,9.738957543109358,7.734246876891139,1,4,50,0
120,Thermostat,6.067713856573001,6.646526532024406,0,4,41,0
121,Thermostat,2.7786932676874816,4.152514716735687,0,3,44,0
122,Smart Speaker,4.707243479877219,8.964585840822767,1,4,24,0
123,Camera,19.241580064467417,1.7094139797684382,0,3,13,0
124,Security System,16.42232642181873,9.955612841044214,1,3,11,1
125,Lights,13.352828585658708,1.2766405269147485,0,0,15,1
126,Smart Speaker,11.66461201236905,0.2480047139319651,1,1,10,1
127,Camera,22.17720566591893,8.91118712137277,1,3,42,0
128,Smart Speaker,2.2092712727987074,2.525039732822965,0,2,41,0
129,Camera,7.094119111091025,7.324026311722537,1,3,57,0
130,Camera,8.72353955891178,8.129052211827487,0,2,57,0
131,Security System,18.887006587000517,8.603965271217957,0,0,3,0
132,Camera,23.824093573806326,9.91678293307525,0,2,55,0
133,Smart Speaker,6.1557570967930975,3.010993129395991,1,0,16,1
134,Camera,21.046222352221395,7.1314090850798655,1,0,44,1
135,Security System,20.01963487014709,1.2424585969801996,1,0,17,1
136,Security System,5.779448844581515,4.1274119844328085,0,2,25,0
137,Smart Speaker,9.88431563468173,8.494919763794645,0,2,30,0
138,Thermostat,10.1273124283742,3.739814655985173,1,0,47,1
139,Thermostat,23.48818571037412,5.951844267302579,0,0,57,0
140,Camera,4.750959682404111,5.087357092873877,0,1,35,0
141,Lights,19.280212320962377,6.494920158009246,1,0,37,1
142,Camera,8.353528783068082,9.73165445493818,1,4,13,1
143,Smart Speaker,17.675453125739768,0.651781712363881,0,1,24,0
144,Smart Speaker,10.370258600948077,5.782219023266134,0,1,38,0
145,Smart Speaker,14.09145443323869,8.64398491457782,1,1,26,1
146,Smart Speaker,20.066376673164083,4.865688846309432,1,4,58,1
147,Smart Speaker,19.39789077712128,0.8774191408215709,0,1,9,0
148,Security System,20.860944813182957,5.649339588926032,0,1,19,0
149,Thermostat,1.901007145599487,3.3875315191558224,0,2,28,0
150,Smart Speaker,16.763187996434002,1.6339236748455654,1,2,7,1
151,Lights,3.789703352961428,8.505441681506383,0,0,45,0
152,Lights,10.271736348432658,5.263835178612104,0,0,22,0
153,Lights,13.39182775378518,9.33943648255276,0,3,30,0
154,Lights,9.964377891550525,8.079563395570384,0,4,37,0
155,Security System,12.710874381370676,6.960420758359307,0,2,16,0
156,Lights,23.91836825676755,0.1497524833165881,0,0,36,0
157,Smart Speaker,3.677606872252086,4.3354522207186745,1,4,5,1
158,Camera,16.373217065406003,2.05511418835512,1,1,29,1
159,Lights,9.806022710061958,9.11689931938379,1,4,52,0
160,Security System,3.625730274322226,1.8283814482959668,0,2,51,0
161,Security System,4.230313939296273,2.9319945114269266,1,3,23,1
162,Lights,22.807917996772,5.216684000571542,0,2,6,0
163,Camera,21.170635172726406,2.707299828080985,0,0,36,0
164,Lights,21.81548606975301,2.1776603050633,0,0,57,0
165,Security System,23.801020231943586,6.031083318517249,0,4,33,0
166,Thermostat,5.395411665200172,0.9804022752747362,0,2,49,0
167,Smart Speaker,8.85282442805545,0.6758608113371547,1,0,41,1
168,Security System,16.226647203234368,3.785228422342107,1,1,16,1
169,Lights,11.869359686725211,7.234578099627837,1,1,55,0
170,Smart Speaker,10.332154034390838,5.592586906912085,0,3,34,0
171,Lights,8.908564359386437,4.28647703782111,1,4,43,1
172,Lights,14.453844850671128,5.700940485823366,0,0,26,0
173,Thermostat,14.026445573041928,3.717969698067409,1,3,37,1
174,Smart Speaker,4.294259100509642,9.367848720777918,1,1,13,0
175,Smart Speaker,11.585886181683318,0.6435584200166659,1,3,52,1
176,Thermostat,13.506586740931471,6.7665756423953685,1,3,17,1
177,Security System,13.901743060187677,8.92369838179473,1,0,32,1
178,Lights,5.437519033440267,8.05845861647901,1,0,32,1
179,Camera,17.94337771792874,1.9220062447323227,0,0,28,1
180,Lights,1.0921787282951363,3.0296708549048548,0,4,29,0
181,Lights,8.838548605264322,7.198774593200336,0,3,25,0
182,Security System,18.834997240587388,0.9342785358895788,0,3,47,0
183,Lights,13.751483644801954,8.137430828342582,0,4,22,0
184,Thermostat,6.637317164005216,7.217178751587424,1,1,27,0
185,Thermostat,16.83139830456162,7.323105827429892,0,2,44,0
186,Smart Speaker,13.833687187667724,1.092389565649155,0,1,38,0
187,Camera,19.211724822225097,7.205829393680685,0,4,20,0
188,Lights,17.77309187546085,6.830199439677703,0,3,45,0
189,Lights,14.837536167851514,8.32613265913632,0,3,50,0
190,Security System,11.972175369804129,0.5117999669390481,0,0,24,1
191,Thermostat,3.6297799531868,0.3287956178311427,0,0,47,0
192,Camera,6.641325920306518,3.792770288797752,0,3,47,0
193,Smart Speaker,10.348837613551504,1.5730040101066136,0,3,8,0
194,Thermostat,14.583533244650134,5.628006327945196,1,0,51,1
195,Smart Speaker,12.572134597559664,9.181754124916814,0,0,55,0
196,Security System,7.272336360048943,3.975649330306756,0,1,14,0
197,Security System,0.651912408058198,8.465008734998781,1,3,39,0
198,Lights,12.161621714669128,0.1023846577268781,1,3,14,1
199,Camera,7.212210731212712,1.768294970245924,0,4,5,0
200,Smart Speaker,17.763295066697573,0.4011930425754476,0,1,47,0
201,Thermostat,1.062737233856362,3.34865708709918,0,2,21,0
202,Security System,14.243453565686083,9.091076997395378,1,2,15,1
203,Lights,22.624644581392538,1.0598260236299788,0,2,56,0
204,Lights,4.598617777120238,6.103456789763624,1,0,36,0
205,Smart Speaker,11.583763032638991,4.569809797282497,1,2,33,1
206,Security System,2.648416807702747,9.390835302421545,1,4,17,0
207,Camera,15.203524938141786,1.312939511117229,1,0,57,1
208,Security System,13.437494494011302,2.1990757199720665,1,0,20,1
209,Smart Speaker,10.07308981900156,0.3924654892537834,0,2,1,0
210,Smart Speaker,12.75236000463292,4.3959589713506,0,0,16,1
211,Security System,21.56950447402174,2.850545705690078,1,1,45,1
212,Smart Speaker,5.112916104310076,8.712068745514177,1,1,18,0
213,Security System,1.03026602507566,6.088914050657775,1,2,10,0
214,Thermostat,20.749124790428876,6.179498305959447,1,4,23,1
215,Security System,14.062251436115805,5.365915899124894,0,0,18,0
216,Security System,21.430473703353297,1.0093183385690898,1,3,49,1
217,Smart Speaker,14.528212750209557,4.505684968881017,1,2,58,1
218,Smart Speaker,19.53878561405301,9.995101378114311,0,0,9,0
219,Lights,10.597324038845976,8.368769979375546,0,2,46,0
220,Lights,18.12170838527432,8.945244636254447,0,2,53,0
221,Thermostat,21.956474471911616,8.249940956540344,0,4,30,0
222,Lights,13.944889647471848,1.1201127649667286,1,3,13,1
223,Security System,4.74845103821592,2.3517377152415166,1,0,52,1
224,Smart Speaker,6.816743953209657,0.1309043484284553,1,2,52,0
225,Lights,5.168147557089036,3.104750236293304,1,2,31,1
226,Lights,6.301140148499724,1.1752132832302766,1,0,46,1
227,Thermostat,7.700763059749355,4.780654118485671,1,2,43,0
228,Thermostat,13.54564398869993,6.803562136881629,1,2,13,1
229,Security System,14.31780329240007,8.757602420876962,1,2,32,1
230,Smart Speaker,10.522744060183737,7.517249934399892,1,1,17,1
231,Thermostat,14.962388325789632,9.391997398207202,0,1,3,0
232,Lights,2.417010751867099,0.633593074898509,1,3,1,1
233,Smart Speaker,2.5630235708667595,0.2205803706237602,0,4,53,0
234,Smart Speaker,4.5379923184049735,6.647247326978505,0,0,5,0
235,Lights,12.674821203948104,2.964588861200238,0,4,32,0
236,Thermostat,5.528874949410369,2.609660059447154,0,4,25,0
237,Lights,7.157183482075567,3.375782168168564,1,1,45,0
238,Smart Speaker,9.90735165006536,2.7709809731344053,0,3,56,0
239,Camera,19.57885391424393,5.163220422385714,0,4,5,0
240,Camera,0.8257601939522128,4.457469627518911,1,4,37,0
241,Security System,15.760402275560626,5.173042658628898,0,2,23,0
242,Lights,16.218598479456105,6.759864753854318,1,0,12,1
243,Lights,19.26841083838096,3.9325920388143687,1,3,34,1
244,Security System,22.41969406791736,2.5879461027073525,1,0,23,1
245,Security System,0.9732394503083108,1.7453853144065803,1,1,16,1
246,Security System,4.11391707956058,3.559793783372993,0,4,49,0
247,Smart Speaker,21.325025410315835,7.443884104937103,1,4,5,1
248,Lights,11.27518621139486,7.591378610103549,0,0,44,0
249,Smart Speaker,13.767880014936392,6.702363328173682,0,1,47,0
250,Security System,16.08113928749396,2.4168789355380587,1,2,28,1
251,Lights,16.45806520564748,5.922053833961507,0,2,6,0
252,Smart Speaker,22.39589947793794,5.749827649610795,1,4,13,1
253,Smart Speaker,23.92831130917424,4.894235361286282,0,4,43,0
254,Security System,17.423700331877097,5.544791965200256,0,3,30,0
255,Lights,7.249698416321044,4.968727262974314,0,0,26,0
256,Security System,21.174181453917075,5.698018024133671,0,4,17,0
257,Lights,1.656691491707898,7.183508950749174,1,1,9,0
258,Camera,5.9304000425506604,1.1853191245940535,1,0,57,1
259,Thermostat,21.5885643603973,7.521294946275335,0,3,16,0
260,Thermostat,6.520500589324842,1.4452728862631827,0,2,49,0
261,Thermostat,5.685299901111089,0.7596171842627095,0,3,52,0
262,Security System,3.7459443887958095,9.76318889359253,0,0,56,0
263,Camera,20.689126304702537,9.57421851181737,1,2,18,1
264,Lights,12.251369090990538,0.6983217949115841,0,1,13,0
265,Smart Speaker,16.359990271772638,4.488209070602125,0,2,29,0
266,Lights,6.118060025763198,1.94382488916777,0,2,43,0
267,Smart Speaker,18.31394989376359,4.904914481630739,1,1,45,1
268,Lights,18.360130306609317,8.318754705695914,0,4,24,0
269,Camera,7.846053585345053,9.511056569954611,1,4,58,0
270,Smart Speaker,10.151041875741647,6.37910126917022,1,2,45,0
271,Security System,5.42772151960972,3.603666105396989,0,2,44,0
272,Lights,23.44918404808825,6.072923099881524,0,3,46,0
273,Lights,15.671660560872674,3.1888129304736585,0,4,13,0
274,Smart Speaker,22.461781196814616,9.107254044237395,1,1,25,1
275,Security System,7.629560275284629,8.716964584747785,1,2,41,0
276,Security System,18.87443645542691,5.6264943277686434,0,2,46,0
277,Camera,18.49767813129144,3.3155092622655697,1,3,1,1
278,Security System,16.753907818863727,3.004557788271486,0,3,9,0
279,Security System,23.19251591876981,0.4308381475800886,0,3,4,0
280,Security System,9.748550398498416,8.176626425150422,0,0,28,0
281,Thermostat,3.5718571043592964,4.558793809086179,0,1,12,0
282,Camera,16.28515819223543,3.318815991162618,0,0,24,1
283,Lights,17.638780311214344,4.763992514477764,0,2,46,0
284,Smart Speaker,14.013923476282145,8.205506105501055,1,3,9,1
285,Lights,5.360220488634813,1.33368065630446,1,3,35,1
286,Camera,12.354714629229852,8.590794283594091,1,3,38,0
287,Smart Speaker,7.836458809374541,8.985337467572705,0,4,35,0
288,Camera,10.545463411917192,9.472408358835493,0,1,33,0
289,Security System,15.662636532349602,4.035131124984015,0,0,58,0
290,Smart Speaker,18.012546453234613,2.249689999972952,1,1,54,1
291,Security System,5.957280236181563,3.7990441028203152,0,3,53,0
292,Lights,10.025145975203404,3.3958297526908927,1,2,35,1
293,Lights,6.825296918303286,1.8439237337783148,0,4,46,0
294,Smart Speaker,5.1678429257539245,6.11194003400473,1,1,20,0
295,Smart Speaker,18.909599669902203,4.818579189035426,0,2,2,0
296,Camera,21.86743831926932,8.670439824007635,0,3,44,0
297,Camera,9.200456363587552,0.4178848467723767,1,3,26,1
298,Security System,18.15505472278352,6.47429248279575,1,3,42,0
299,Smart Speaker,21.57938930006366,7.653193897264455,1,3,13,1
300,Lights,20.38391894746044,7.618917034964239,0,4,30,0
301,Camera,4.796114630671809,8.872132274245699,1,4,52,0
302,Camera,22.97285921556399,7.317434054011991,1,1,32,1
303,Lights,9.351896350092368,9.285319610312191,0,3,36,0
304,Camera,8.472155537585154,3.3933003382268256,0,4,19,0
305,Security System,1.967136191027838,5.081773225840276,1,2,22,0
306,Smart Speaker,11.92508087146475,0.2393886665006177,0,4,1,0
307,Lights,3.0618199675618247,0.168880114302583,1,4,57,0
308,Smart Speaker,6.340685791794511,2.4772535424700477,1,1,11,1
309,Camera,7.948151611531112,1.097991251676944,1,4,26,1
310,Camera,19.50741860205457,2.676092542563961,0,2,48,0
311,Lights,21.07398328430357,1.8527286158311345,1,3,19,1
312,Security System,7.607958460344538,0.3823482459026176,1,0,19,1
313,Thermostat,20.679405849247487,9.10211104941989,0,1,12,0
314,Lights,20.64492702819009,0.181409000750026,1,2,3,1
315,Thermostat,18.469297334044526,7.387213228937146,1,1,55,0
316,Thermostat,3.947335179356766,1.6062640805032138,1,3,56,0
317,Security System,16.72258690216713,9.13107325779604,0,4,18,0
318,Thermostat,22.70806551764337,8.93867980193987,1,4,49,0
319,Thermostat,16.53970125102819,6.573621349055648,0,2,5,0
320,Security System,8.292995954034097,6.755118083025991,0,3,48,0
321,Thermostat,12.263613959624536,0.1528575054999165,1,0,24,1
322,Thermostat,15.67453851874976,9.85022850452466,1,0,14,1
323,Thermostat,12.498404605119834,8.790542775400562,0,4,51,0
324,Lights,3.3188941306777906,8.961551634727911,1,3,38,0
325,Lights,7.833505049322485,6.626520916803632,1,3,3,0
326,Lights,19.35630671801036,3.513390593679912,0,2,6,0
327,Security System,20.74332408324466,8.94712162599576,1,0,12,1
328,Camera,3.7265507688159,2.986017588696805,1,2,52,0
329,Thermostat,22.881088681370027,5.670844279087808,0,1,11,0
330,Thermostat,8.22733151944232,1.0873366262044355,1,3,39,1
331,Security System,16.064372860171922,9.227360738314228,0,0,59,0
332,Thermostat,18.167890929982008,1.493627531935012,0,2,26,0
333,Lights,19.58073651399026,2.326478376731032,1,4,1,1
334,Camera,22.72511800230936,5.625528165469328,0,1,16,0
335,Smart Speaker,7.853609378677331,7.664520702108517,1,2,48,0
336,Thermostat,20.67490168196153,6.23157792876936,1,4,49,0
337,Lights,3.5946422307508654,2.3981257367215463,0,0,47,0
338,Smart Speaker,17.06846129930943,0.1093361210221543,0,0,53,0
339,Camera,17.93647664357867,7.595790745043648,0,1,9,0
340,Smart Speaker,16.426496168231033,9.853552526519827,0,4,5,0
341,Lights,6.429396299176095,8.118139891030294,0,3,52,0
342,Smart Speaker,21.01651395485728,4.656045519750491,0,0,8,1
343,Security System,4.468173889204283,9.047295887851154,1,3,21,0
344,Smart Speaker,1.7604176007395247,4.157491963871665,1,3,33,1
345,Thermostat,17.360427279379934,5.296847434010329,0,2,39,0
346,Thermostat,11.67367930796924,4.823584697217264,1,2,43,1
347,Security System,20.453803469028887,4.531476339388697,0,0,20,1
348,Lights,9.509832814869084,7.774388616009666,0,3,58,0
349,Thermostat,4.454546829931251,5.315012181967971,1,2,53,0
350,Camera,20.15639152304194,3.235499508049639,1,4,45,1
351,Thermostat,13.399376343541684,2.655765859818936,0,4,22,0
352,Thermostat,4.94610112117334,0.4736984379775906,0,4,13,0
353,Lights,17.429023966781475,5.873632102642155,0,4,39,0
354,Smart Speaker,12.511170504503262,2.3766180124702387,1,3,11,1
355,Thermostat,14.701355082647517,1.5665258279621928,0,4,18,0
356,Security System,11.331110947854674,6.572916641894008,0,3,30,0
357,Smart Speaker,19.97466111972315,6.843971652433334,1,0,33,1
358,Camera,19.99472381855167,7.546333433350893,1,0,44,1
359,Lights,17.170637312873076,5.085411273752055,1,4,3,1
360,Camera,2.9769323688168634,8.951140591518477,0,4,58,0
361,Smart Speaker,20.213065754745617,9.369793258642456,0,4,1,0
362,Smart Speaker,16.268805042523383,8.092972303945645,1,0,36,1
363,Smart Speaker,16.88006790110104,6.392375471881054,0,2,6,0
364,Camera,9.030096749490983,3.106837440552768,0,0,37,0
365,Smart Speaker,21.163069569689657,9.83115472404019,1,4,29,1
366,Camera,17.54623260551915,2.8139480552001896,1,2,11,1
367,Smart Speaker,3.14587596343607,2.1063035277052675,0,2,52,0
368,Security System,10.082783808544823,4.4773257264871695,1,1,55,1
369,Smart Speaker,21.32993850606333,0.6627216500526457,1,3,13,1
370,Camera,1.6091224898884064,9.787095200250729,0,4,11,0
371,Thermostat,23.09329056158816,5.925492208522606,0,3,59,0
372,Smart Speaker,16.460320355509726,5.613825707475335,0,1,38,0
373,Thermostat,15.33733547461935,6.592383171007227,0,3,51,0
374,Security System,6.858142527467797,5.020534112994346,0,4,25,0
375,Lights,6.346607035370661,0.4174288192359616,0,1,15,0
376,Security System,22.638368157981997,6.161881759519928,1,3,53,0
377,Smart Speaker,7.509402674501884,7.190121381868663,1,0,13,1
378,Thermostat,18.72437447289649,4.225815700178126,1,2,42,1
379,Thermostat,9.73836225786636,7.59722616350481,0,1,33,0
380,Camera,3.772470663440544,2.347312863450364,0,0,13,0
381,Thermostat,0.7518094958409354,2.290638251555222,0,4,38,0
382,Camera,13.290047419858396,1.6980281781069824,0,2,53,0
383,Lights,23.43080223589992,3.7827481219127024,0,1,58,0
384,Smart Speaker,9.174700554516305,8.485419150351927,1,2,24,1
385,Camera,8.894019848836553,8.296329415275737,0,1,20,0
386,Lights,8.58615301946189,3.889959658838688,1,1,44,1
387,Thermostat,12.732780176664171,5.932275486204341,0,3,17,0
388,Thermostat,10.8556247604709,7.236081533101665,1,2,59,0
389,Lights,21.17799372808484,2.487947068817428,1,2,50,1
390,Thermostat,12.379738605502022,1.7645967503579962,1,0,24,1
391,Lights,12.432309197431367,9.72375033280188,1,4,26,1
392,Camera,3.75173247593308,6.213817400775223,1,0,40,0
393,Camera,23.59437921139407,9.816015646153271,1,3,32,1
394,Lights,6.374362935417498,3.443784272609068,1,1,29,1
395,Camera,2.224055585300663,7.060013829743902,0,3,14,0
396,Camera,16.083936850917407,2.3037760017582536,0,3,37,0
397,Camera,14.491109698686508,2.685881695611738,1,0,22,1
398,Security System,10.255922868829524,5.167831000569278,0,1,34,0
399,Smart Speaker,10.421517496195934,3.2642194425299054,0,4,27,0
400,Thermostat,18.94900214459113,1.7594534820217864,1,3,28,1
401,Security System,5.099247042341753,2.702518949694328,0,4,57,0
402,Camera,19.775952995204907,0.4539091052120599,1,1,22,1
403,Lights,15.745557176532929,7.073793852627118,0,1,57,0
404,Camera,10.345789683818824,4.97195490515003,1,0,43,1
405,Smart Speaker,11.263672489720912,1.0330063574048036,0,2,58,0
406,Camera,6.531209368873252,1.7997705319720632,1,0,3,1
407,Lights,18.17468681837891,1.1150919273151758,0,4,22,0
408,Smart Speaker,12.552556444173792,6.164668801931177,0,0,58,0
409,Camera,8.040081754621324,1.0326825997636886,0,1,48,0
410,Smart Speaker,14.50717772038233,7.567395097048639,1,3,21,1
411,Thermostat,23.89975962320609,0.3030581012718726,1,2,16,1
412,Thermostat,10.728663571929015,2.568820301159332,0,1,9,0
413,Camera,22.13624791829756,8.91760009132988,0,3,13,0
414,Smart Speaker,8.607895738227304,7.213460049410235,1,4,10,1
415,Lights,1.7862186127371684,0.8223864959643085,0,4,49,0
416,Camera,5.299689499658078,8.22914843440328,0,4,57,0
417,Thermostat,10.339335868200578,4.981047703248027,1,0,21,1
418,Thermostat,5.661420821972372,8.48315196897141,1,4,49,0
419,Camera,0.5053353981290052,6.047323767058894,0,4,42,0
420,Smart Speaker,22.00253613706689,6.850147017125301,1,0,40,1
421,Thermostat,20.33116616392683,9.935665447917511,0,3,7,0
422,Smart Speaker,17.943867439943258,2.40012190464778,0,1,46,0
423,Thermostat,4.443642997681673,6.277061190137744,1,2,22,0
424,Thermostat,3.3285440409346725,4.657181761568244,0,4,18,0
425,Security System,2.088711612601004,0.4905743339346452,1,4,21,1
426,Thermostat,17.514685936163648,0.2432593508783638,1,4,51,1
427,Lights,22.326987076165302,1.280362920396801,0,0,50,0
428,Camera,10.61759179145637,6.526008231331626,1,0,14,1
429,Camera,3.299805791907132,5.714914570342582,0,0,10,0
430,Smart Speaker,12.541231287204504,5.578952655520902,1,2,33,1
431,Thermostat,8.697549825277807,0.4153819490297749,0,1,9,0
432,Lights,9.308385722224946,4.74609966396407,1,4,18,1
433,Smart Speaker,15.10126966765912,9.253765896641031,0,3,13,0
434,Security System,17.389875661661755,4.036159506175402,0,4,59,0
435,Smart Speaker,3.09918457351928,6.286732450905718,1,4,17,0
436,Smart Speaker,1.3363704239521952,7.820204888669121,0,4,23,0
437,Thermostat,23.866762113114294,7.860860263504687,0,4,25,0
438,Security System,5.969116199515468,5.240872815713186,0,1,54,0
439,Smart Speaker,1.7650173353487884,8.59372425948313,0,3,16,0
440,Lights,4.96207023375412,3.974643124301095,0,0,24,0
441,Lights,1.4155093891889092,8.898062826369504,0,3,31,0
442,Camera,9.707556023503534,2.478248947315899,1,4,11,1
443,Security System,19.35644193460612,2.8741424292066533,1,3,23,1
444,Security System,8.519244569306434,0.6258941795701108,1,4,41,1
445,Camera,10.938310061641614,7.9762601817686,1,3,39,0
446,Smart Speaker,16.37628917883481,4.2288468387037845,0,2,22,0
447,Security System,12.459010646642184,2.3682544777228505,0,3,33,0
448,Lights,20.74397362150112,2.394723748404139,1,0,41,1
449,Lights,20.85183836357528,9.023859418169408,0,0,42,0
450,Thermostat,0.7329013440421106,8.355774344564265,1,3,48,0
451,Security System,18.784088202355186,5.5799557650361145,0,3,53,0
452,Smart Speaker,11.327239605679337,6.199496924115639,0,1,18,0
453,Camera,23.73775272063608,4.795823148447881,1,3,14,1
454,Camera,11.855953783072726,3.977498774500208,0,0,28,1
455,Smart Speaker,23.69205471662499,9.16322112406148,1,2,11,1
456,Thermostat,18.23237998833481,1.3435657648509909,1,0,24,1
457,Camera,6.342214788412699,4.242623218190657,1,1,36,0
458,Security System,13.152282013243504,3.511162889079966,0,3,19,0
459,Thermostat,23.81518752774669,5.031692130486369,0,2,13,0
460,Security System,20.651969282170207,4.630555557997233,1,0,33,1
461,Lights,2.788122004093696,5.237006363345706,0,2,53,0
462,Thermostat,17.09974192503491,1.4851978745472416,1,4,19,1
463,Camera,8.621120267964107,5.180100864981443,1,0,47,1
464,Thermostat,0.6640831541881808,2.499946257483388,0,4,52,0
465,Thermostat,9.98180277213449,1.9248803549830933,1,2,32,1
466,Thermostat,6.016728910536825,0.7418587659832931,0,3,15,0
467,Thermostat,19.74342785723108,7.650260331685795,0,3,57,0
468,Security System,8.42726930787549,4.331675016479943,0,3,11,0
469,Lights,19.9468068079147,6.303772464786408,1,4,23,1
470,Smart Speaker,0.5140515626176898,7.303174098716959,1,3,59,0
471,Thermostat,7.7337500256138,6.82523498660418,0,1,5,0
472,Camera,6.167382536232406,4.757957118987855,0,0,56,0
473,Thermostat,5.988832985112358,3.9401954366221257,1,0,22,1
474,Camera,2.1023855644883733,3.822003105442571,0,2,42,0
475,Security System,4.897420354646791,6.436483089607558,0,4,18,0
476,Camera,13.555414892312069,4.9984641139245465,1,0,7,1
477,Smart Speaker,7.346985211686995,8.506409255086256,1,4,33,0
478,Lights,10.308777384734976,8.759549644834449,1,2,3,1
479,Camera,9.35637168815893,1.788547742264533,0,3,28,0
480,Camera,21.08376573749752,1.448713150302684,1,2,1,1
481,Lights,21.774526476747116,6.340969167756395,1,1,49,0
482,Smart Speaker,12.084488833912712,3.0821349058165666,1,3,47,1
483,Thermostat,8.258664832416704,0.2838501157744787,1,3,37,1
484,Camera,3.0098165440555453,8.897562426693256,1,3,22,0
485,Lights,22.904967665479237,2.346317595713702,1,2,48,1
486,Security System,1.91533320515699,9.29987845168951,1,1,44,0
487,Lights,7.49478152285459,7.202601063694711,0,4,19,0
488,Security System,7.504555727495098,7.650269550123695,1,2,14,0
489,Smart Speaker,8.029430224295051,2.094468808352288,0,0,3,1
490,Thermostat,4.360740816901618,2.418524813606448,0,0,19,0
491,Lights,18.904293626706885,5.260550762858251,1,2,33,1
492,Camera,3.3786997562007466,1.803788541233636,0,4,21,0
493,Smart Speaker,15.420306490099328,3.12377375756202,1,0,1,1
494,Lights,3.4103816275867103,3.2824785316832643,0,4,26,0
495,Camera,2.157587483434479,1.6803363392023647,1,3,10,1
496,Lights,21.871593336618098,2.1313100506120914,0,2,35,0
497,Security System,4.968026008489583,7.90666323588174,1,3,13,0
498,Lights,19.79937863215305,1.755238960017957,1,0,6,1
499,Lights,13.298825471017691,0.3817281792548326,0,4,43,0
500,Lights,2.329628210806086,6.33061393202649,0,3,6,0
501,Smart Speaker,22.953032498794585,9.762232881985256,1,0,35,1
502,Lights,6.303587424309474,3.379016764768902,0,1,16,0
503,Camera,20.70166561578625,1.274691461642898,1,3,41,1
504,Security System,4.467035135937258,5.746834521138554,0,1,8,0
505,Security System,20.567657730333543,9.072906689846898,1,1,59,0
506,Lights,0.8108771032744087,7.86221162030194,0,0,3,0
507,Smart Speaker,12.526840729382796,6.262907097285888,1,2,5,1
508,Smart Speaker,18.581900616406585,3.219059316415234,0,4,21,0
509,Camera,22.467694661080408,5.464613715434577,1,0,31,1
510,Lights,21.866250200852445,1.003323928912128,0,3,14,0
511,Security System,19.761184434369657,6.821559700378632,1,4,37,0
512,Smart Speaker,21.372496717040647,7.278450587086743,0,2,19,0
513,Lights,5.181662617171297,9.653813066808196,0,0,37,0
514,Smart Speaker,7.178330949225626,2.677933851576209,1,2,53,0
515,Smart Speaker,7.290760335644875,0.2827185485259241,0,3,20,0
516,Security System,9.360767378539922,5.501523797828791,0,0,52,0
517,Thermostat,9.743035754051936,7.097225993528463,1,3,2,1
518,Camera,13.297050129384877,7.925034011241581,1,4,57,0
519,Camera,4.257174439111372,2.018015436945625,1,4,7,1
520,Security System,16.74429659897075,2.6913534034665343,1,2,33,1
521,Smart Speaker,4.437813673655903,5.174650160146234,0,2,53,0
522,Lights,7.792249329456867,3.3729480187030187,0,4,50,0
523,Smart Speaker,12.32861056924462,8.619063717215706,0,1,42,0
524,Security System,19.21635319580172,4.790225522013331,1,4,6,1
525,Camera,17.87752698111009,8.01582857660983,0,0,7,0
526,Smart Speaker,15.670057375647271,5.848135628775302,0,3,44,0
527,Camera,4.160671623633999,7.753592402009408,1,4,18,0
528,Lights,13.355565621966075,3.3934625666502063,0,4,43,0
529,Camera,2.554992792297308,8.33102455711008,0,3,54,0
530,Camera,9.368034654721294,2.818265923955113,1,3,29,1
531,Thermostat,10.21763846181404,5.506378199232579,0,0,19,0
532,Thermostat,1.435568826975215,2.218670420421355,1,3,25,1
533,Thermostat,6.938720337544338,4.807712564099314,1,2,4,1
534,Camera,22.9577624807625,3.2499345741361614,0,4,51,0
535,Security System,22.910366283997703,2.7403639633084214,0,3,13,0
536,Camera,8.779685774934674,9.673151678477572,0,0,32,0
537,Security System,1.512852560285615,1.6847336443186334,1,3,27,1
538,Security System,4.708731074212267,7.894525790828213,1,4,51,0
539,Thermostat,9.717118145688191,9.843233098883829,0,1,34,0
540,Smart Speaker,22.7728229022769,0.2970246890267705,0,3,28,0
541,Lights,3.8181779931238458,7.0203713990167405,1,2,9,0
542,Thermostat,18.442622326202983,2.603826875007243,0,4,8,0
543,Thermostat,3.054039675305264,0.5008294608502141,0,0,21,0
544,Smart Speaker,23.559553068695006,4.088606831670645,1,4,46,1
545,Lights,9.467987729064673,9.358656320691663,0,1,30,0
546,Camera,18.71801166412782,0.2164744342332771,0,0,29,1
547,Camera,8.550890446061597,5.920068350104838,0,1,9,0
548,Thermostat,15.250218613232004,5.06382513809371,0,1,13,0
549,Lights,5.012377991390864,8.74650322727337,1,2,18,0
550,Thermostat,3.93149395347862,0.931616973754194,1,3,38,0
551,Security System,22.54450727985109,6.847107695877838,1,2,55,0
552,Thermostat,22.064711030754182,6.833086014489445,1,2,22,1
553,Thermostat,21.35552009500273,6.723892166936604,0,2,31,0
554,Camera,15.197686078914948,9.429111499856866,0,0,35,0
555,Camera,19.494302963582538,8.248566537168116,0,3,42,0
556,Camera,2.1223680174173105,0.5155299898107095,0,3,42,0
557,Security System,8.36754248443096,4.763720221974681,1,0,10,1
558,Camera,7.872023431793171,4.039735256393201,0,2,9,0
559,Lights,15.437665065886412,3.1704574887989407,0,2,31,0
560,Smart Speaker,8.865007676560051,4.568233579025563,1,1,44,1
561,Lights,3.989909368626499,3.903522430767177,1,1,56,0
562,Lights,14.516976272218278,4.380105608798787,1,4,40,1
563,Camera,19.63802213572341,9.79469246952556,0,1,24,0
564,Smart Speaker,9.47990211980937,0.9774664500208496,1,3,41,1
565,Smart Speaker,3.60831480481432,9.230085611403425,0,0,49,0
566,Smart Speaker,5.122172636851341,4.854343463363164,0,2,8,0
567,Security System,6.080857671480524,6.275048230445457,1,4,50,0
568,Camera,7.547593435371601,8.318811369515169,1,1,20,0
569,Smart Speaker,15.605684156898263,3.66858398857763,1,4,17,1
570,Security System,14.622218886636396,4.361176890070872,0,0,28,1
571,Thermostat,16.85787674682542,4.154232954759268,0,0,6,1
572,Thermostat,9.01879663649056,3.809837123104023,0,4,42,0
573,Security System,19.86394481917949,9.26274028430426,1,4,33,1
574,Security System,5.296060037160366,8.30640592281082,0,4,28,0
575,Camera,11.522457566676618,1.1790998996434634,0,2,53,0
576,Camera,19.32205995622361,1.1704211895232508,0,3,57,0
577,Thermostat,4.733728221716552,4.3359081970446125,0,1,1,0
578,Smart Speaker,3.0817831729083998,1.0767080296548095,1,1,41,0
579,Thermostat,21.26657324066776,6.229021643184084,0,1,52,0
580,Smart Speaker,8.558847074841104,1.522546911891166,1,4,35,1
581,Smart Speaker,16.570947935362252,5.2714953132713305,1,4,24,1
582,Camera,1.0956922002025542,0.1714774753368057,0,4,6,0
583,Lights,16.716101877622066,3.2343038492852028,0,2,7,0
584,Lights,7.928380821353807,6.804188164359289,1,2,9,0
585,Security System,1.809910059304881,4.891985508255699,0,2,37,0
586,Camera,14.83059989638075,9.784867911389982,1,2,16,1
587,Smart Speaker,6.158889677719571,8.753627581055486,0,0,34,0
588,Lights,9.58997018821918,3.654800712527197,0,2,35,0
589,Smart Speaker,2.3936490887330697,0.5503167605755186,1,2,35,1
590,Lights,3.958336400731215,8.471700371138686,0,2,20,0
591,Lights,7.502465034152328,9.121219672115249,1,1,58,0
592,Lights,2.609348263163693,8.224211194848465,1,1,23,0
593,Camera,21.90441722012841,1.3667044151056722,0,1,42,0
594,Thermostat,0.6421055148234929,9.979359830681648,1,3,54,0
595,Smart Speaker,11.87071514331132,2.659983793372461,0,0,35,1
596,Camera,3.396315266114959,7.269628636802864,0,4,47,0
597,Camera,7.73045860273179,9.089545275723644,0,2,46,0
598,Camera,22.26239965572924,2.4333024318740235,1,1,23,1
599,Camera,4.299822001938691,9.091759691302954,0,0,4,0
600,Camera,23.19705951338081,3.163867634029183,0,2,10,0
601,Security System,5.33616785925141,9.766490901602156,1,3,43,0
602,Smart Speaker,17.926803548970494,2.884474201766699,1,4,11,1
603,Camera,13.346915725086824,9.539014665102568,1,2,40,0
604,Smart Speaker,21.28525009852384,0.6300920438374815,1,4,55,1
605,Security System,13.518841504323577,7.121792915531149,0,2,55,0
606,Security System,13.062141650173254,5.367900224986337,0,3,9,0
607,Smart Speaker,5.093263008657397,4.830983063515033,0,0,40,0
608,Lights,4.406390008213981,2.312593711132816,0,4,12,0
609,Thermostat,22.037495051214584,7.08539831878727,1,4,17,1
610,Lights,8.2041976729758,1.9890139653184404,1,0,32,1
611,Lights,9.243932991628052,5.573133780249205,0,4,23,0
612,Lights,18.35585597306713,2.6071290940984837,1,1,15,1
613,Camera,8.462351836935973,9.560651659835424,1,0,51,1
614,Security System,22.873467496016566,0.383448818972963,1,3,28,1
615,Lights,17.841302571471807,2.077309973101242,1,2,52,1
616,Security System,14.53958720047537,2.4988750032357325,1,2,38,1
617,Smart Speaker,21.201036272801684,4.199271475101383,0,0,5,1
618,Thermostat,1.6657388462128446,2.4040293945135303,0,1,40,0
619,Smart Speaker,6.5409732664464055,4.964355993660974,1,3,18,1
620,Smart Speaker,11.428353854191384,8.737408680259536,1,2,53,0
621,Camera,5.833995677580744,7.149427871950791,0,2,21,0
622,Thermostat,17.98177190160057,5.841623607297599,0,1,15,0
623,Smart Speaker,22.10138872976254,0.9811314620285284,1,4,3,1
624,Smart Speaker,10.4585978183767,6.970521873053828,1,0,46,1
625,Thermostat,8.540116102629531,1.7475014146783048,1,1,26,1
626,Thermostat,23.096442205232808,7.88503712102081,0,1,15,0
627,Smart Speaker,10.95403217144721,2.5755619092505166,1,1,45,1
628,Thermostat,11.992637410558157,4.228782410376919,1,1,53,1
629,Smart Speaker,8.763772000034777,3.5696550029474867,1,4,20,1
630,Smart Speaker,21.87438911578525,8.602257755281082,1,3,59,0
631,Camera,13.870453857123492,1.3527901412627408,1,1,21,1
632,Lights,18.41110279876865,5.699884335609407,1,1,26,1
633,Smart Speaker,19.57745788124583,1.506409933486316,1,0,41,1
634,Security System,8.533452485055568,7.077478777708648,1,2,23,1
635,Lights,10.69181678602893,9.060273465165364,0,4,49,0
636,Lights,20.439086698547214,4.402615773285809,0,1,51,0
637,Lights,9.03650076438154,4.932113376623261,0,3,25,0
638,Camera,19.157475636118505,9.281486081179349,1,3,4,1
639,Smart Speaker,22.613319580499272,5.257814747628635,0,3,52,0
640,Camera,15.145443767098165,4.927224536690653,0,0,10,1
641,Smart Speaker,17.92824125511939,5.825458116772611,0,3,22,0
642,Camera,19.41978683296667,6.923374389993224,0,0,3,0
643,Camera,20.358431749071094,1.158145413361611,0,4,19,0
644,Security System,9.783753439634705,8.228994224641008,1,3,31,1
645,Camera,1.704691290635957,4.411499771787266,0,2,9,0
646,Thermostat,9.94409237406338,0.8162502479851068,1,1,29,1
647,Security System,16.33327139992611,7.88320842506231,1,4,37,0
648,Camera,11.08323406584863,3.831804719694094,0,2,46,0
649,Lights,18.100634045219365,1.093638201441034,1,4,7,1
650,Thermostat,8.8890870925136,6.37441249147818,0,3,53,0
651,Thermostat,15.416487315944694,8.813300398993052,1,4,38,0
652,Thermostat,4.880865414068403,8.888759743198465,1,4,24,0
653,Security System,18.11018176115649,9.580868400608834,0,4,8,0
654,Camera,13.323855267106108,8.690284051690211,1,0,34,1
655,Camera,5.295513130845114,0.1211951015202047,1,2,59,0
656,Lights,7.359912577198471,3.864387547492564,1,3,57,0
657,Lights,18.09230465167306,8.20357154106448,1,1,26,1
658,Thermostat,11.841129038045736,3.725904759384895,1,3,28,1
659,Lights,5.576738849237197,6.055330213159091,1,3,28,0
660,Security System,23.230872973701995,6.102537779007867,1,0,46,1
661,Camera,17.305437965696868,3.7137505099843486,1,0,54,1
662,Thermostat,22.99266856468521,9.054291880084747,0,4,7,0
663,Lights,10.536968565968063,5.081960619322564,1,3,3,1
664,Security System,11.66485800625543,4.701363638781258,0,2,52,0
665,Security System,21.60194758034795,9.975386082052768,0,0,22,0
666,Lights,12.83865949576654,4.985653604318904,1,0,55,1
667,Camera,17.12105442978318,1.8661426940929529,1,2,38,1
668,Lights,6.426062621144954,5.179387286348036,0,0,53,0
669,Thermostat,10.998072014512053,8.158765681647306,0,2,46,0
670,Lights,3.401071846543345,7.790917236292986,0,1,44,0
671,Security System,5.340530843108599,7.9069594745738625,1,2,18,0
672,Lights,0.5221702587893305,7.109435461579326,1,1,12,0
673,Camera,1.4227287137435154,2.616756507760213,1,4,31,1
674,Smart Speaker,23.46616984465784,8.634632449818291,0,4,39,0
675,Lights,6.195311835713914,8.945090307225025,1,0,5,1
676,Camera,16.087801673344046,2.022111696523636,1,2,44,1
677,Camera,20.21884292179087,1.3915108018587998,1,0,41,1
678,Security System,13.44052079205926,9.75848918903221,1,2,29,1
679,Camera,4.098895751972971,8.696407240138642,0,0,43,0
680,Camera,17.61073627739991,8.943037857378473,1,4,36,0
681,Camera,14.6059081373402,8.875126207781513,1,4,14,1
682,Camera,17.684388849663314,5.46269955793391,0,0,58,0
683,Thermostat,18.58904563714155,6.499377192991417,1,2,44,0
684,Thermostat,23.42214364059151,5.499092236123052,0,3,18,0
685,Security System,13.978737080627685,0.6069428569842578,0,2,7,0
686,Lights,8.528566148229142,7.480480544992449,1,0,23,1
687,Camera,15.73891708715557,5.102787130025215,0,2,33,0
688,Lights,2.108356667201714,6.512319840423275,1,1,59,0
689,Lights,21.58883698055728,5.076134069257799,0,2,45,0
690,Security System,3.3054537664476245,4.968932090992314,0,4,16,0
691,Camera,8.204306690316729,1.8007121838298916,1,4,37,1
692,Camera,19.67001644471384,2.859265779897375,0,1,51,0
693,Smart Speaker,14.536840890771728,1.6726416502451624,1,2,25,1
694,Lights,9.75043472651989,2.0370963266908904,1,3,9,1
695,Lights,11.625737995313004,9.732476066161018,1,2,55,0
696,Thermostat,20.58186374025124,1.615823113144765,1,4,28,1
697,Smart Speaker,8.490103072407464,2.765777200621556,0,4,9,0
698,Thermostat,20.936767593086024,5.946837611611991,1,0,12,1
699,Thermostat,2.57115912795225,6.140767904742754,0,4,18,0
700,Thermostat,18.754763274402823,1.624343884463908,1,0,27,1
701,Security System,20.417369376786304,7.957802515273602,0,4,26,0
702,Security System,4.772714841677461,7.873508392336967,0,4,56,0
703,Thermostat,10.61314351074671,2.4494452716185218,0,3,26,0
704,Smart Speaker,4.389244704595907,2.957796396487059,0,0,10,0
705,Lights,17.105197031364117,9.38607986804902,1,0,58,1
706,Smart Speaker,13.080672549448934,8.274147315196833,1,4,17,1
707,Camera,15.430098647645544,7.008190627318986,0,0,51,0
708,Security System,5.117443723470962,0.9141088929549452,0,4,32,0
709,Lights,5.476027758231859,4.240814400935499,1,4,24,1
710,Lights,1.4751871494827995,5.637088533560587,0,2,43,0
711,Camera,8.068587077099648,1.955371751039392,0,0,48,0
712,Camera,13.653999541341362,4.537443162871423,1,1,8,1
713,Thermostat,20.661470478937225,6.050156187138031,0,0,30,0
714,Security System,16.172795015278997,3.3410291331424524,0,0,26,1
715,Security System,10.731813599894158,7.831353707609823,1,3,24,1
716,Smart Speaker,22.89832268826224,8.420450858224173,0,1,27,0
717,Thermostat,17.402262213532047,3.3037337473973007,1,1,15,1
718,Thermostat,22.358882267269927,8.402705829475325,1,3,28,1
719,Thermostat,12.898317371895892,1.125408004419849,1,3,11,1
720,Thermostat,6.584250457638781,8.393518076364298,1,0,39,0
721,Security System,1.741427129570967,1.6122292735094044,0,2,2,0
722,Security System,17.562994009870486,0.920978809846288,1,3,51,1
723,Thermostat,3.350620453130052,6.453576503966011,1,1,9,0
724,Smart Speaker,7.615215514391228,4.772179920977414,0,1,50,0
725,Lights,13.013066335271589,9.088116944087044,1,0,45,1
726,Lights,13.76378981282407,3.695573041299408,0,2,23,0
727,Smart Speaker,14.613705129197696,2.942807408032524,1,4,33,1
728,Thermostat,4.407000263217965,5.057275570827564,1,3,19,0
729,Security System,9.423829013308746,4.613867239109747,1,3,13,1
730,Lights,15.004064337248716,3.509837657550164,1,0,14,1
731,Camera,23.29074331889394,6.968038857113453,0,2,32,0
732,Camera,17.599331735942684,7.619662155747692,0,1,49,0
733,Smart Speaker,22.181188291708008,8.544541293398353,0,1,22,0
734,Thermostat,18.41198337038316,9.731280386632394,1,4,20,1
735,Lights,14.405348768971413,2.7398963021117946,1,1,33,1
736,Thermostat,5.012549174704096,7.189325476650619,1,3,5,0
737,Lights,16.167112819474056,4.003156531407877,0,4,20,0
738,Smart Speaker,15.149419800057816,6.8031115223159695,1,2,14,1
739,Smart Speaker,14.658025505745762,4.812218734457281,0,4,27,0
740,Camera,12.00996789772366,9.938353717402522,0,2,26,0
741,Thermostat,12.923430193747976,7.316131144328424,0,1,32,0
742,Camera,8.359399387275445,9.529663874299812,1,0,30,1
743,Thermostat,12.703848277094124,8.366198539863738,1,4,27,1
744,Camera,5.142563783444239,9.038720010517372,1,4,26,0
745,Security System,19.42159833796885,8.162750052425281,1,3,18,1
746,Security System,4.865758435419633,4.6456753907215225,0,3,45,0
747,Security System,2.4967078124024606,2.5927056881341555,0,2,23,0
748,Security System,10.751781619393196,3.76616973696017,1,0,44,1
749,Lights,15.970224828392451,0.3003387031355094,1,3,47,1
750,Security System,10.786345385938224,5.287532357900205,1,3,24,1
751,Smart Speaker,7.003722100855752,5.100072222677046,0,1,4,0
752,Smart Speaker,13.617022821425357,5.299979601821833,1,1,41,0
753,Lights,8.654554882186698,9.742909127223433,0,3,3,0
754,Security System,22.42239071797588,9.123394634202908,0,2,54,0
755,Security System,22.182160780683944,1.700956505468069,0,0,43,0
756,Security System,12.305737769344244,3.751936963403303,0,3,30,0
757,Camera,8.205273859429076,4.297166176686293,0,2,47,0
758,Thermostat,17.82261172798102,3.669275886731313,0,2,16,0
759,Camera,1.3627541718520662,8.00511003967874,0,3,7,0
760,Thermostat,11.657071642025803,5.287972931689111,1,2,39,0
761,Security System,8.403599765352837,5.763788188019087,1,4,22,1
762,Security System,22.132593299910035,8.544834233980463,1,2,41,0
763,Camera,0.7820711409080398,8.078688718812051,0,3,31,0
764,Camera,13.491149579381204,1.408894075920967,0,2,49,0
765,Thermostat,17.90559415506571,7.16775438242798,1,3,13,1
766,Smart Speaker,11.897922706814969,4.410817676130152,0,1,41,0
767,Thermostat,2.506971208823959,3.017024140318755,0,3,41,0
768,Camera,23.352842665655704,0.5951863269316449,0,2,52,0
769,Camera,12.6732451373383,4.923770647419964,0,3,29,0
770,Lights,14.933376741496769,3.618823139172861,0,0,28,1
771,Camera,6.060329893626422,2.5899790927963684,0,3,44,0
772,Lights,11.86220500000989,6.977250123009879,0,3,53,0
773,Smart Speaker,10.585013061020565,7.717905334424311,0,0,19,0
774,Thermostat,2.260052287046617,2.523416238391306,0,0,23,0
775,Thermostat,2.99476830836548,0.5895296231255379,0,0,47,0
776,Lights,20.180604211041203,8.502651735595826,0,4,50,0
777,Thermostat,6.135768876854871,0.1986014379226028,0,3,8,0
778,Camera,5.081519380217817,9.377413689822571,1,0,25,1
779,Security System,12.365419104378272,6.313436752428788,0,0,38,0
780,Lights,18.56555758701905,3.2862816884930712,0,1,57,0
781,Thermostat,1.955743186606216,2.5401313048096887,1,4,38,0
782,Lights,14.054986111499012,0.1891560762183049,1,3,35,1
783,Lights,3.3014454067534738,2.431167028407684,1,2,26,1
784,Security System,1.3568346944020335,1.463510185019697,0,4,3,0
785,Camera,1.7394828758121086,6.160445585159142,0,4,2,0
786,Lights,20.102856542898373,1.7488013270786331,1,1,5,1
787,Thermostat,3.2723533652594465,5.3334353916125306,1,3,20,0
788,Smart Speaker,1.5610570636888608,5.942152581210261,1,3,12,0
789,Lights,10.79064734785844,3.050612813634454,0,0,38,0
790,Lights,20.33384659063758,0.4471429952853152,0,0,16,1
791,Security System,6.666596847498595,0.4688134180805414,1,4,37,0
792,Camera,10.410246511859034,0.3608385887197843,0,1,38,0
793,Smart Speaker,1.4381795152481538,7.417334204651808,0,3,36,0
794,Thermostat,11.053345082169583,3.248296077661552,1,1,46,1
795,Smart Speaker,14.07390739497264,7.98337184107987,1,2,29,1
796,Thermostat,13.916315763175405,4.374154956044206,1,3,35,1
797,Camera,8.31202726609758,4.584681198216642,0,0,49,0
798,Thermostat,7.915029745583684,5.17753776484478,0,4,37,0
799,Security System,3.0056550450100503,7.159011418113528,0,1,54,0
800,Security System,9.119760535187307,2.8076783717141,0,0,21,1
801,Security System,2.838124718514669,1.3037147603819164,0,4,21,0
802,Security System,18.51500470073321,5.604967618395468,1,0,28,1
803,Smart Speaker,23.207445997082367,3.337078470103119,0,3,6,0
804,Camera,23.29674973166761,4.48066400531357,0,1,20,0
805,Thermostat,20.829170835321754,6.504772412539324,1,2,36,0
806,Thermostat,14.61861550948105,4.991844837298579,1,0,59,1
807,Security System,16.970343885231177,6.240760289298344,1,1,13,1
808,Security System,7.202336362989731,5.487580020924916,1,3,40,0
809,Lights,15.323104874056584,7.423984082167381,0,0,11,0
810,Camera,11.20776441183712,7.088772515345037,0,3,24,0
811,Smart Speaker,11.827407484757916,5.38847992890533,1,2,19,1
812,Thermostat,18.30774916881621,6.821139906511098,0,2,23,0
813,Lights,7.125081356535413,8.748240062498866,1,4,31,0
814,Lights,7.973930874821217,4.3794857491028685,0,4,37,0
815,Thermostat,22.22908209152296,4.186354420213057,0,4,37,0
816,Smart Speaker,1.821270928997848,7.666031646438563,0,3,3,0
817,Lights,11.9124060127135,5.8672829867157406,1,4,34,1
818,Lights,21.95081880958475,0.8029671242036267,1,1,29,1
819,Camera,14.843530683726687,8.931908955341704,0,3,3,0
820,Smart Speaker,13.340566243985103,0.4047527121526374,0,3,15,0
821,Lights,6.368988211889848,7.509123926476456,1,4,7,0
822,Smart Speaker,8.566973993014534,7.6120620127726975,1,4,3,1
823,Thermostat,20.523137771410283,9.535799744291111,0,3,47,0
824,Security System,13.641626096558769,0.6359306431829754,0,2,43,0
825,Lights,12.596441553284327,6.00888292176646,1,2,16,1
826,Camera,2.84012326819068,4.335621649207824,0,4,45,0
827,Thermostat,0.8766616766953934,3.3732662531094664,1,2,34,1
828,Smart Speaker,23.146601934145654,0.994153746960823,1,1,20,1
829,Thermostat,9.359174931240778,5.670275784745961,0,1,44,0
830,Lights,14.675506959338351,4.842503184178675,0,1,53,0
831,Smart Speaker,2.3733042199011973,1.1350891356951402,0,3,39,0
832,Security System,16.553185714491594,6.1636461202611255,1,3,33,1
833,Thermostat,22.415317654590083,7.405735890504091,1,3,14,1
