text,label
Immunotherapy has shown promise in treating metastatic melanoma.,Cancer
The relationship between obesity and type 2 diabetes is well established.,Diabetes
Recent trials show the efficacy of SGLT2 inhibitors in reducing HbA1c.,Diabetes
BRCA mutations significantly increase the risk of breast and ovarian cancers.,Cancer
Recent trials show the efficacy of SGLT2 inhibitors in reducing HbA1c.,Diabetes
Beta-blockers are essential for managing chronic heart failure.,Cardiology
Chemotherapy and radiation therapy are standard treatments for many cancers.,Cancer
Angioplasty is often used to restore blood flow in blocked arteries.,Cardiology
Recent trials show the efficacy of SGLT2 inhibitors in reducing HbA1c.,Diabetes
The relationship between obesity and type 2 diabetes is well established.,Diabetes
Insulin therapy remains the cornerstone for type 1 diabetes treatment.,Diabetes
The relationship between obesity and type 2 diabetes is well established.,Diabetes
Recent trials show the efficacy of SGLT2 inhibitors in reducing HbA1c.,Diabetes
Cancer genomics helps personalize treatment for better outcomes.,Cancer
Ambulatory blood pressure monitoring provides better diagnosis of hypertension.,Hypertension
Early detection through screening can improve cancer survival rates.,Cancer
Ambulatory blood pressure monitoring provides better diagnosis of hypertension.,Hypertension
Insulin therapy remains the cornerstone for type 1 diabetes treatment.,Diabetes
Insulin therapy remains the cornerstone for type 1 diabetes treatment.,Diabetes
Salt reduction is an effective strategy for blood pressure control.,Hypertension
Diet and exercise are essential components in diabetes management.,Diabetes
Recent trials show the efficacy of SGLT2 inhibitors in reducing HbA1c.,Diabetes
Immunotherapy has shown promise in treating metastatic melanoma.,Cancer
Early detection through screening can improve cancer survival rates.,Cancer
Chemotherapy and radiation therapy are standard treatments for many cancers.,Cancer
Immunotherapy has shown promise in treating metastatic melanoma.,Cancer
ACE inhibitors are commonly prescribed for essential hypertension.,Hypertension
Hypertension is a leading risk factor for cardiovascular diseases.,Hypertension
Cardiac rehabilitation improves quality of life post-myocardial infarction.,Cardiology
Ambulatory blood pressure monitoring provides better diagnosis of hypertension.,Hypertension
Cancer genomics helps personalize treatment for better outcomes.,Cancer
ACE inhibitors are commonly prescribed for essential hypertension.,Hypertension
ACE inhibitors are commonly prescribed for essential hypertension.,Hypertension
Cardiac rehabilitation improves quality of life post-myocardial infarction.,Cardiology
ACE inhibitors are commonly prescribed for essential hypertension.,Hypertension
Cardiac rehabilitation improves quality of life post-myocardial infarction.,Cardiology
Immunotherapy has shown promise in treating metastatic melanoma.,Cancer
Angioplasty is often used to restore blood flow in blocked arteries.,Cardiology
Continuous glucose monitoring improves glycemic control in diabetic patients.,Diabetes
Chemotherapy and radiation therapy are standard treatments for many cancers.,Cancer
Early detection through screening can improve cancer survival rates.,Cancer
Lifestyle modifications are the first step in managing high blood pressure.,Hypertension
Insulin therapy remains the cornerstone for type 1 diabetes treatment.,Diabetes
Immunotherapy has shown promise in treating metastatic melanoma.,Cancer
BRCA mutations significantly increase the risk of breast and ovarian cancers.,Cancer
Cardiac rehabilitation improves quality of life post-myocardial infarction.,Cardiology
Cardiac rehabilitation improves quality of life post-myocardial infarction.,Cardiology
Echocardiography is a key diagnostic tool in cardiology.,Cardiology
Hypertension is a leading risk factor for cardiovascular diseases.,Hypertension
Cardiac rehabilitation improves quality of life post-myocardial infarction.,Cardiology
Chemotherapy and radiation therapy are standard treatments for many cancers.,Cancer
Hypertension is a leading risk factor for cardiovascular diseases.,Hypertension
Echocardiography is a key diagnostic tool in cardiology.,Cardiology
Echocardiography is a key diagnostic tool in cardiology.,Cardiology
BRCA mutations significantly increase the risk of breast and ovarian cancers.,Cancer
Angioplasty is often used to restore blood flow in blocked arteries.,Cardiology
Ambulatory blood pressure monitoring provides better diagnosis of hypertension.,Hypertension
Echocardiography is a key diagnostic tool in cardiology.,Cardiology
Continuous glucose monitoring improves glycemic control in diabetic patients.,Diabetes
Ambulatory blood pressure monitoring provides better diagnosis of hypertension.,Hypertension
Diet and exercise are essential components in diabetes management.,Diabetes
Cardiac rehabilitation improves quality of life post-myocardial infarction.,Cardiology
Chemotherapy and radiation therapy are standard treatments for many cancers.,Cancer
Lifestyle modifications are the first step in managing high blood pressure.,Hypertension
Chemotherapy and radiation therapy are standard treatments for many cancers.,Cancer
Early detection through screening can improve cancer survival rates.,Cancer
Cancer genomics helps personalize treatment for better outcomes.,Cancer
Chemotherapy and radiation therapy are standard treatments for many cancers.,Cancer
Insulin therapy remains the cornerstone for type 1 diabetes treatment.,Diabetes
Chemotherapy and radiation therapy are standard treatments for many cancers.,Cancer
Hypertension is a leading risk factor for cardiovascular diseases.,Hypertension
BRCA mutations significantly increase the risk of breast and ovarian cancers.,Cancer
The relationship between obesity and type 2 diabetes is well established.,Diabetes
Beta-blockers are essential for managing chronic heart failure.,Cardiology
Echocardiography is a key diagnostic tool in cardiology.,Cardiology
Angioplasty is often used to restore blood flow in blocked arteries.,Cardiology
Angioplasty is often used to restore blood flow in blocked arteries.,Cardiology
Ambulatory blood pressure monitoring provides better diagnosis of hypertension.,Hypertension
Angioplasty is often used to restore blood flow in blocked arteries.,Cardiology
Recent trials show the efficacy of SGLT2 inhibitors in reducing HbA1c.,Diabetes
ACE inhibitors are commonly prescribed for essential hypertension.,Hypertension
Insulin therapy remains the cornerstone for type 1 diabetes treatment.,Diabetes
Continuous glucose monitoring improves glycemic control in diabetic patients.,Diabetes
Lifestyle modifications are the first step in managing high blood pressure.,Hypertension
BRCA mutations significantly increase the risk of breast and ovarian cancers.,Cancer
Insulin therapy remains the cornerstone for type 1 diabetes treatment.,Diabetes
Statins help lower cholesterol and prevent coronary artery disease.,Cardiology
Early detection through screening can improve cancer survival rates.,Cancer
Ambulatory blood pressure monitoring provides better diagnosis of hypertension.,Hypertension
Cancer genomics helps personalize treatment for better outcomes.,Cancer
Cardiac rehabilitation improves quality of life post-myocardial infarction.,Cardiology
BRCA mutations significantly increase the risk of breast and ovarian cancers.,Cancer
Beta-blockers are essential for managing chronic heart failure.,Cardiology
Angioplasty is often used to restore blood flow in blocked arteries.,Cardiology
Insulin therapy remains the cornerstone for type 1 diabetes treatment.,Diabetes
Diet and exercise are essential components in diabetes management.,Diabetes
Lifestyle modifications are the first step in managing high blood pressure.,Hypertension
The relationship between obesity and type 2 diabetes is well established.,Diabetes
Angioplasty is often used to restore blood flow in blocked arteries.,Cardiology
The relationship between obesity and type 2 diabetes is well established.,Diabetes
Salt reduction is an effective strategy for blood pressure control.,Hypertension
Hypertension is a leading risk factor for cardiovascular diseases.,Hypertension
Lifestyle modifications are the first step in managing high blood pressure.,Hypertension
Echocardiography is a key diagnostic tool in cardiology.,Cardiology
Insulin therapy remains the cornerstone for type 1 diabetes treatment.,Diabetes
Ambulatory blood pressure monitoring provides better diagnosis of hypertension.,Hypertension
Echocardiography is a key diagnostic tool in cardiology.,Cardiology
ACE inhibitors are commonly prescribed for essential hypertension.,Hypertension
Angioplasty is often used to restore blood flow in blocked arteries.,Cardiology
Beta-blockers are essential for managing chronic heart failure.,Cardiology
Cardiac rehabilitation improves quality of life post-myocardial infarction.,Cardiology
Angioplasty is often used to restore blood flow in blocked arteries.,Cardiology
Early detection through screening can improve cancer survival rates.,Cancer
Diet and exercise are essential components in diabetes management.,Diabetes
Recent trials show the efficacy of SGLT2 inhibitors in reducing HbA1c.,Diabetes
BRCA mutations significantly increase the risk of breast and ovarian cancers.,Cancer
Ambulatory blood pressure monitoring provides better diagnosis of hypertension.,Hypertension
Chemotherapy and radiation therapy are standard treatments for many cancers.,Cancer
BRCA mutations significantly increase the risk of breast and ovarian cancers.,Cancer
Salt reduction is an effective strategy for blood pressure control.,Hypertension
Immunotherapy has shown promise in treating metastatic melanoma.,Cancer
Statins help lower cholesterol and prevent coronary artery disease.,Cardiology
Cancer genomics helps personalize treatment for better outcomes.,Cancer
Lifestyle modifications are the first step in managing high blood pressure.,Hypertension
Cardiac rehabilitation improves quality of life post-myocardial infarction.,Cardiology
Cardiac rehabilitation improves quality of life post-myocardial infarction.,Cardiology
Beta-blockers are essential for managing chronic heart failure.,Cardiology
Chemotherapy and radiation therapy are standard treatments for many cancers.,Cancer
Recent trials show the efficacy of SGLT2 inhibitors in reducing HbA1c.,Diabetes
Echocardiography is a key diagnostic tool in cardiology.,Cardiology
Immunotherapy has shown promise in treating metastatic melanoma.,Cancer
BRCA mutations significantly increase the risk of breast and ovarian cancers.,Cancer
Statins help lower cholesterol and prevent coronary artery disease.,Cardiology
Recent trials show the efficacy of SGLT2 inhibitors in reducing HbA1c.,Diabetes
Statins help lower cholesterol and prevent coronary artery disease.,Cardiology
Diet and exercise are essential components in diabetes management.,Diabetes
Chemotherapy and radiation therapy are standard treatments for many cancers.,Cancer
Lifestyle modifications are the first step in managing high blood pressure.,Hypertension
Continuous glucose monitoring improves glycemic control in diabetic patients.,Diabetes
Insulin therapy remains the cornerstone for type 1 diabetes treatment.,Diabetes
Recent trials show the efficacy of SGLT2 inhibitors in reducing HbA1c.,Diabetes
ACE inhibitors are commonly prescribed for essential hypertension.,Hypertension
Hypertension is a leading risk factor for cardiovascular diseases.,Hypertension
Cancer genomics helps personalize treatment for better outcomes.,Cancer
Echocardiography is a key diagnostic tool in cardiology.,Cardiology
Lifestyle modifications are the first step in managing high blood pressure.,Hypertension
Diet and exercise are essential components in diabetes management.,Diabetes
Ambulatory blood pressure monitoring provides better diagnosis of hypertension.,Hypertension
Cardiac rehabilitation improves quality of life post-myocardial infarction.,Cardiology
Diet and exercise are essential components in diabetes management.,Diabetes
Ambulatory blood pressure monitoring provides better diagnosis of hypertension.,Hypertension
Cancer genomics helps personalize treatment for better outcomes.,Cancer
The relationship between obesity and type 2 diabetes is well established.,Diabetes
Cardiac rehabilitation improves quality of life post-myocardial infarction.,Cardiology
Insulin therapy remains the cornerstone for type 1 diabetes treatment.,Diabetes
Early detection through screening can improve cancer survival rates.,Cancer
Immunotherapy has shown promise in treating metastatic melanoma.,Cancer
Diet and exercise are essential components in diabetes management.,Diabetes
Lifestyle modifications are the first step in managing high blood pressure.,Hypertension
Immunotherapy has shown promise in treating metastatic melanoma.,Cancer
Continuous glucose monitoring improves glycemic control in diabetic patients.,Diabetes
ACE inhibitors are commonly prescribed for essential hypertension.,Hypertension
Lifestyle modifications are the first step in managing high blood pressure.,Hypertension
Echocardiography is a key diagnostic tool in cardiology.,Cardiology
Recent trials show the efficacy of SGLT2 inhibitors in reducing HbA1c.,Diabetes
Continuous glucose monitoring improves glycemic control in diabetic patients.,Diabetes
Salt reduction is an effective strategy for blood pressure control.,Hypertension
Chemotherapy and radiation therapy are standard treatments for many cancers.,Cancer
Chemotherapy and radiation therapy are standard treatments for many cancers.,Cancer
Hypertension is a leading risk factor for cardiovascular diseases.,Hypertension
Cancer genomics helps personalize treatment for better outcomes.,Cancer
Hypertension is a leading risk factor for cardiovascular diseases.,Hypertension
The relationship between obesity and type 2 diabetes is well established.,Diabetes
Recent trials show the efficacy of SGLT2 inhibitors in reducing HbA1c.,Diabetes
Statins help lower cholesterol and prevent coronary artery disease.,Cardiology
Cancer genomics helps personalize treatment for better outcomes.,Cancer
Angioplasty is often used to restore blood flow in blocked arteries.,Cardiology
Immunotherapy has shown promise in treating metastatic melanoma.,Cancer
Salt reduction is an effective strategy for blood pressure control.,Hypertension
BRCA mutations significantly increase the risk of breast and ovarian cancers.,Cancer
The relationship between obesity and type 2 diabetes is well established.,Diabetes
Angioplasty is often used to restore blood flow in blocked arteries.,Cardiology
BRCA mutations significantly increase the risk of breast and ovarian cancers.,Cancer
Diet and exercise are essential components in diabetes management.,Diabetes
Hypertension is a leading risk factor for cardiovascular diseases.,Hypertension
Angioplasty is often used to restore blood flow in blocked arteries.,Cardiology
Early detection through screening can improve cancer survival rates.,Cancer
Cardiac rehabilitation improves quality of life post-myocardial infarction.,Cardiology
Early detection through screening can improve cancer survival rates.,Cancer
Beta-blockers are essential for managing chronic heart failure.,Cardiology
Cardiac rehabilitation improves quality of life post-myocardial infarction.,Cardiology
ACE inhibitors are commonly prescribed for essential hypertension.,Hypertension
Cardiac rehabilitation improves quality of life post-myocardial infarction.,Cardiology
Lifestyle modifications are the first step in managing high blood pressure.,Hypertension
Chemotherapy and radiation therapy are standard treatments for many cancers.,Cancer
Hypertension is a leading risk factor for cardiovascular diseases.,Hypertension
Hypertension is a leading risk factor for cardiovascular diseases.,Hypertension
Salt reduction is an effective strategy for blood pressure control.,Hypertension
Ambulatory blood pressure monitoring provides better diagnosis of hypertension.,Hypertension
Hypertension is a leading risk factor for cardiovascular diseases.,Hypertension
Continuous glucose monitoring improves glycemic control in diabetic patients.,Diabetes
Echocardiography is a key diagnostic tool in cardiology.,Cardiology
Echocardiography is a key diagnostic tool in cardiology.,Cardiology
ACE inhibitors are commonly prescribed for essential hypertension.,Hypertension
BRCA mutations significantly increase the risk of breast and ovarian cancers.,Cancer
Salt reduction is an effective strategy for blood pressure control.,Hypertension
Immunotherapy has shown promise in treating metastatic melanoma.,Cancer
Beta-blockers are essential for managing chronic heart failure.,Cardiology
Hypertension is a leading risk factor for cardiovascular diseases.,Hypertension
Ambulatory blood pressure monitoring provides better diagnosis of hypertension.,Hypertension
Angioplasty is often used to restore blood flow in blocked arteries.,Cardiology
Insulin therapy remains the cornerstone for type 1 diabetes treatment.,Diabetes
Chemotherapy and radiation therapy are standard treatments for many cancers.,Cancer
Hypertension is a leading risk factor for cardiovascular diseases.,Hypertension
Hypertension is a leading risk factor for cardiovascular diseases.,Hypertension
Hypertension is a leading risk factor for cardiovascular diseases.,Hypertension
Echocardiography is a key diagnostic tool in cardiology.,Cardiology
ACE inhibitors are commonly prescribed for essential hypertension.,Hypertension
Continuous glucose monitoring improves glycemic control in diabetic patients.,Diabetes
Recent trials show the efficacy of SGLT2 inhibitors in reducing HbA1c.,Diabetes
Hypertension is a leading risk factor for cardiovascular diseases.,Hypertension
BRCA mutations significantly increase the risk of breast and ovarian cancers.,Cancer
Immunotherapy has shown promise in treating metastatic melanoma.,Cancer
Statins help lower cholesterol and prevent coronary artery disease.,Cardiology
Salt reduction is an effective strategy for blood pressure control.,Hypertension
Insulin therapy remains the cornerstone for type 1 diabetes treatment.,Diabetes
BRCA mutations significantly increase the risk of breast and ovarian cancers.,Cancer
Chemotherapy and radiation therapy are standard treatments for many cancers.,Cancer
Continuous glucose monitoring improves glycemic control in diabetic patients.,Diabetes
Echocardiography is a key diagnostic tool in cardiology.,Cardiology
Continuous glucose monitoring improves glycemic control in diabetic patients.,Diabetes
Insulin therapy remains the cornerstone for type 1 diabetes treatment.,Diabetes
Recent trials show the efficacy of SGLT2 inhibitors in reducing HbA1c.,Diabetes
Lifestyle modifications are the first step in managing high blood pressure.,Hypertension
Continuous glucose monitoring improves glycemic control in diabetic patients.,Diabetes
Early detection through screening can improve cancer survival rates.,Cancer
The relationship between obesity and type 2 diabetes is well established.,Diabetes
Immunotherapy has shown promise in treating metastatic melanoma.,Cancer
Ambulatory blood pressure monitoring provides better diagnosis of hypertension.,Hypertension
Salt reduction is an effective strategy for blood pressure control.,Hypertension
Cardiac rehabilitation improves quality of life post-myocardial infarction.,Cardiology
Chemotherapy and radiation therapy are standard treatments for many cancers.,Cancer
Continuous glucose monitoring improves glycemic control in diabetic patients.,Diabetes
BRCA mutations significantly increase the risk of breast and ovarian cancers.,Cancer
Diet and exercise are essential components in diabetes management.,Diabetes
Cancer genomics helps personalize treatment for better outcomes.,Cancer
Angioplasty is often used to restore blood flow in blocked arteries.,Cardiology
Recent trials show the efficacy of SGLT2 inhibitors in reducing HbA1c.,Diabetes
BRCA mutations significantly increase the risk of breast and ovarian cancers.,Cancer
BRCA mutations significantly increase the risk of breast and ovarian cancers.,Cancer
Early detection through screening can improve cancer survival rates.,Cancer
Echocardiography is a key diagnostic tool in cardiology.,Cardiology
Recent trials show the efficacy of SGLT2 inhibitors in reducing HbA1c.,Diabetes
Continuous glucose monitoring improves glycemic control in diabetic patients.,Diabetes
ACE inhibitors are commonly prescribed for essential hypertension.,Hypertension
BRCA mutations significantly increase the risk of breast and ovarian cancers.,Cancer
Hypertension is a leading risk factor for cardiovascular diseases.,Hypertension
The relationship between obesity and type 2 diabetes is well established.,Diabetes
Recent trials show the efficacy of SGLT2 inhibitors in reducing HbA1c.,Diabetes
Cardiac rehabilitation improves quality of life post-myocardial infarction.,Cardiology
Echocardiography is a key diagnostic tool in cardiology.,Cardiology
Echocardiography is a key diagnostic tool in cardiology.,Cardiology
ACE inhibitors are commonly prescribed for essential hypertension.,Hypertension
Echocardiography is a key diagnostic tool in cardiology.,Cardiology
Cardiac rehabilitation improves quality of life post-myocardial infarction.,Cardiology
Echocardiography is a key diagnostic tool in cardiology.,Cardiology
Hypertension is a leading risk factor for cardiovascular diseases.,Hypertension
Salt reduction is an effective strategy for blood pressure control.,Hypertension
Angioplasty is often used to restore blood flow in blocked arteries.,Cardiology
The relationship between obesity and type 2 diabetes is well established.,Diabetes
Statins help lower cholesterol and prevent coronary artery disease.,Cardiology
Recent trials show the efficacy of SGLT2 inhibitors in reducing HbA1c.,Diabetes
Cancer genomics helps personalize treatment for better outcomes.,Cancer
Angioplasty is often used to restore blood flow in blocked arteries.,Cardiology
Insulin therapy remains the cornerstone for type 1 diabetes treatment.,Diabetes
Diet and exercise are essential components in diabetes management.,Diabetes
Ambulatory blood pressure monitoring provides better diagnosis of hypertension.,Hypertension
Salt reduction is an effective strategy for blood pressure control.,Hypertension
Early detection through screening can improve cancer survival rates.,Cancer
Early detection through screening can improve cancer survival rates.,Cancer
Diet and exercise are essential components in diabetes management.,Diabetes
The relationship between obesity and type 2 diabetes is well established.,Diabetes
Statins help lower cholesterol and prevent coronary artery disease.,Cardiology
Statins help lower cholesterol and prevent coronary artery disease.,Cardiology
Cardiac rehabilitation improves quality of life post-myocardial infarction.,Cardiology
Diet and exercise are essential components in diabetes management.,Diabetes
BRCA mutations significantly increase the risk of breast and ovarian cancers.,Cancer
Immunotherapy has shown promise in treating metastatic melanoma.,Cancer
Ambulatory blood pressure monitoring provides better diagnosis of hypertension.,Hypertension
ACE inhibitors are commonly prescribed for essential hypertension.,Hypertension
Beta-blockers are essential for managing chronic heart failure.,Cardiology
Ambulatory blood pressure monitoring provides better diagnosis of hypertension.,Hypertension
Cancer genomics helps personalize treatment for better outcomes.,Cancer
Beta-blockers are essential for managing chronic heart failure.,Cardiology
Lifestyle modifications are the first step in managing high blood pressure.,Hypertension
Chemotherapy and radiation therapy are standard treatments for many cancers.,Cancer
Echocardiography is a key diagnostic tool in cardiology.,Cardiology
Beta-blockers are essential for managing chronic heart failure.,Cardiology
Chemotherapy and radiation therapy are standard treatments for many cancers.,Cancer
Diet and exercise are essential components in diabetes management.,Diabetes
Diet and exercise are essential components in diabetes management.,Diabetes
Statins help lower cholesterol and prevent coronary artery disease.,Cardiology
Lifestyle modifications are the first step in managing high blood pressure.,Hypertension
ACE inhibitors are commonly prescribed for essential hypertension.,Hypertension
Hypertension is a leading risk factor for cardiovascular diseases.,Hypertension
Cardiac rehabilitation improves quality of life post-myocardial infarction.,Cardiology
Hypertension is a leading risk factor for cardiovascular diseases.,Hypertension
Immunotherapy has shown promise in treating metastatic melanoma.,Cancer
Insulin therapy remains the cornerstone for type 1 diabetes treatment.,Diabetes
Immunotherapy has shown promise in treating metastatic melanoma.,Cancer
Lifestyle modifications are the first step in managing high blood pressure.,Hypertension
Ambulatory blood pressure monitoring provides better diagnosis of hypertension.,Hypertension
Recent trials show the efficacy of SGLT2 inhibitors in reducing HbA1c.,Diabetes
Immunotherapy has shown promise in treating metastatic melanoma.,Cancer
Angioplasty is often used to restore blood flow in blocked arteries.,Cardiology
Cancer genomics helps personalize treatment for better outcomes.,Cancer
The relationship between obesity and type 2 diabetes is well established.,Diabetes
Cancer genomics helps personalize treatment for better outcomes.,Cancer
Ambulatory blood pressure monitoring provides better diagnosis of hypertension.,Hypertension
BRCA mutations significantly increase the risk of breast and ovarian cancers.,Cancer
Echocardiography is a key diagnostic tool in cardiology.,Cardiology
Beta-blockers are essential for managing chronic heart failure.,Cardiology
Echocardiography is a key diagnostic tool in cardiology.,Cardiology
Lifestyle modifications are the first step in managing high blood pressure.,Hypertension
Chemotherapy and radiation therapy are standard treatments for many cancers.,Cancer
Beta-blockers are essential for managing chronic heart failure.,Cardiology
Cardiac rehabilitation improves quality of life post-myocardial infarction.,Cardiology
Statins help lower cholesterol and prevent coronary artery disease.,Cardiology
The relationship between obesity and type 2 diabetes is well established.,Diabetes
Recent trials show the efficacy of SGLT2 inhibitors in reducing HbA1c.,Diabetes
Recent trials show the efficacy of SGLT2 inhibitors in reducing HbA1c.,Diabetes
Angioplasty is often used to restore blood flow in blocked arteries.,Cardiology
Early detection through screening can improve cancer survival rates.,Cancer
Echocardiography is a key diagnostic tool in cardiology.,Cardiology
Diet and exercise are essential components in diabetes management.,Diabetes
Cancer genomics helps personalize treatment for better outcomes.,Cancer
Insulin therapy remains the cornerstone for type 1 diabetes treatment.,Diabetes
ACE inhibitors are commonly prescribed for essential hypertension.,Hypertension
Cancer genomics helps personalize treatment for better outcomes.,Cancer
BRCA mutations significantly increase the risk of breast and ovarian cancers.,Cancer
Continuous glucose monitoring improves glycemic control in diabetic patients.,Diabetes
Statins help lower cholesterol and prevent coronary artery disease.,Cardiology
ACE inhibitors are commonly prescribed for essential hypertension.,Hypertension
Cardiac rehabilitation improves quality of life post-myocardial infarction.,Cardiology
BRCA mutations significantly increase the risk of breast and ovarian cancers.,Cancer
Diet and exercise are essential components in diabetes management.,Diabetes
Beta-blockers are essential for managing chronic heart failure.,Cardiology
ACE inhibitors are commonly prescribed for essential hypertension.,Hypertension
The relationship between obesity and type 2 diabetes is well established.,Diabetes
Statins help lower cholesterol and prevent coronary artery disease.,Cardiology
Cardiac rehabilitation improves quality of life post-myocardial infarction.,Cardiology
Beta-blockers are essential for managing chronic heart failure.,Cardiology
Cardiac rehabilitation improves quality of life post-myocardial infarction.,Cardiology
Continuous glucose monitoring improves glycemic control in diabetic patients.,Diabetes
Salt reduction is an effective strategy for blood pressure control.,Hypertension
Beta-blockers are essential for managing chronic heart failure.,Cardiology
Angioplasty is often used to restore blood flow in blocked arteries.,Cardiology
Diet and exercise are essential components in diabetes management.,Diabetes
Angioplasty is often used to restore blood flow in blocked arteries.,Cardiology
BRCA mutations significantly increase the risk of breast and ovarian cancers.,Cancer
Chemotherapy and radiation therapy are standard treatments for many cancers.,Cancer
Continuous glucose monitoring improves glycemic control in diabetic patients.,Diabetes
ACE inhibitors are commonly prescribed for essential hypertension.,Hypertension
Diet and exercise are essential components in diabetes management.,Diabetes
Ambulatory blood pressure monitoring provides better diagnosis of hypertension.,Hypertension
Angioplasty is often used to restore blood flow in blocked arteries.,Cardiology
Cancer genomics helps personalize treatment for better outcomes.,Cancer
Ambulatory blood pressure monitoring provides better diagnosis of hypertension.,Hypertension
Ambulatory blood pressure monitoring provides better diagnosis of hypertension.,Hypertension
Cardiac rehabilitation improves quality of life post-myocardial infarction.,Cardiology
The relationship between obesity and type 2 diabetes is well established.,Diabetes
Cardiac rehabilitation improves quality of life post-myocardial infarction.,Cardiology
Early detection through screening can improve cancer survival rates.,Cancer
Angioplasty is often used to restore blood flow in blocked arteries.,Cardiology
Ambulatory blood pressure monitoring provides better diagnosis of hypertension.,Hypertension
Echocardiography is a key diagnostic tool in cardiology.,Cardiology
Continuous glucose monitoring improves glycemic control in diabetic patients.,Diabetes
Echocardiography is a key diagnostic tool in cardiology.,Cardiology
Beta-blockers are essential for managing chronic heart failure.,Cardiology
Hypertension is a leading risk factor for cardiovascular diseases.,Hypertension
Salt reduction is an effective strategy for blood pressure control.,Hypertension
Chemotherapy and radiation therapy are standard treatments for many cancers.,Cancer
Cardiac rehabilitation improves quality of life post-myocardial infarction.,Cardiology
Echocardiography is a key diagnostic tool in cardiology.,Cardiology
Ambulatory blood pressure monitoring provides better diagnosis of hypertension.,Hypertension
The relationship between obesity and type 2 diabetes is well established.,Diabetes
Hypertension is a leading risk factor for cardiovascular diseases.,Hypertension
Early detection through screening can improve cancer survival rates.,Cancer
Beta-blockers are essential for managing chronic heart failure.,Cardiology
Echocardiography is a key diagnostic tool in cardiology.,Cardiology
Statins help lower cholesterol and prevent coronary artery disease.,Cardiology
Cancer genomics helps personalize treatment for better outcomes.,Cancer
Echocardiography is a key diagnostic tool in cardiology.,Cardiology
Insulin therapy remains the cornerstone for type 1 diabetes treatment.,Diabetes
Chemotherapy and radiation therapy are standard treatments for many cancers.,Cancer
ACE inhibitors are commonly prescribed for essential hypertension.,Hypertension
Lifestyle modifications are the first step in managing high blood pressure.,Hypertension
Recent trials show the efficacy of SGLT2 inhibitors in reducing HbA1c.,Diabetes
Statins help lower cholesterol and prevent coronary artery disease.,Cardiology
Immunotherapy has shown promise in treating metastatic melanoma.,Cancer
Immunotherapy has shown promise in treating metastatic melanoma.,Cancer
Beta-blockers are essential for managing chronic heart failure.,Cardiology
Recent trials show the efficacy of SGLT2 inhibitors in reducing HbA1c.,Diabetes
Angioplasty is often used to restore blood flow in blocked arteries.,Cardiology
Early detection through screening can improve cancer survival rates.,Cancer
Chemotherapy and radiation therapy are standard treatments for many cancers.,Cancer
Immunotherapy has shown promise in treating metastatic melanoma.,Cancer
Immunotherapy has shown promise in treating metastatic melanoma.,Cancer
Recent trials show the efficacy of SGLT2 inhibitors in reducing HbA1c.,Diabetes
Angioplasty is often used to restore blood flow in blocked arteries.,Cardiology
Recent trials show the efficacy of SGLT2 inhibitors in reducing HbA1c.,Diabetes
Hypertension is a leading risk factor for cardiovascular diseases.,Hypertension
Salt reduction is an effective strategy for blood pressure control.,Hypertension
Insulin therapy remains the cornerstone for type 1 diabetes treatment.,Diabetes
Statins help lower cholesterol and prevent coronary artery disease.,Cardiology
Recent trials show the efficacy of SGLT2 inhibitors in reducing HbA1c.,Diabetes
Insulin therapy remains the cornerstone for type 1 diabetes treatment.,Diabetes
Immunotherapy has shown promise in treating metastatic melanoma.,Cancer
Angioplasty is often used to restore blood flow in blocked arteries.,Cardiology
Hypertension is a leading risk factor for cardiovascular diseases.,Hypertension
Cardiac rehabilitation improves quality of life post-myocardial infarction.,Cardiology
Angioplasty is often used to restore blood flow in blocked arteries.,Cardiology
Salt reduction is an effective strategy for blood pressure control.,Hypertension
Echocardiography is a key diagnostic tool in cardiology.,Cardiology
Hypertension is a leading risk factor for cardiovascular diseases.,Hypertension
Diet and exercise are essential components in diabetes management.,Diabetes
Statins help lower cholesterol and prevent coronary artery disease.,Cardiology
Recent trials show the efficacy of SGLT2 inhibitors in reducing HbA1c.,Diabetes
Chemotherapy and radiation therapy are standard treatments for many cancers.,Cancer
Cancer genomics helps personalize treatment for better outcomes.,Cancer
Insulin therapy remains the cornerstone for type 1 diabetes treatment.,Diabetes
Ambulatory blood pressure monitoring provides better diagnosis of hypertension.,Hypertension
Beta-blockers are essential for managing chronic heart failure.,Cardiology
ACE inhibitors are commonly prescribed for essential hypertension.,Hypertension
Recent trials show the efficacy of SGLT2 inhibitors in reducing HbA1c.,Diabetes
Lifestyle modifications are the first step in managing high blood pressure.,Hypertension
Ambulatory blood pressure monitoring provides better diagnosis of hypertension.,Hypertension
Hypertension is a leading risk factor for cardiovascular diseases.,Hypertension
Early detection through screening can improve cancer survival rates.,Cancer
Cancer genomics helps personalize treatment for better outcomes.,Cancer
Lifestyle modifications are the first step in managing high blood pressure.,Hypertension
Recent trials show the efficacy of SGLT2 inhibitors in reducing HbA1c.,Diabetes
Hypertension is a leading risk factor for cardiovascular diseases.,Hypertension
Chemotherapy and radiation therapy are standard treatments for many cancers.,Cancer
Echocardiography is a key diagnostic tool in cardiology.,Cardiology
Statins help lower cholesterol and prevent coronary artery disease.,Cardiology
BRCA mutations significantly increase the risk of breast and ovarian cancers.,Cancer
ACE inhibitors are commonly prescribed for essential hypertension.,Hypertension
Statins help lower cholesterol and prevent coronary artery disease.,Cardiology
Continuous glucose monitoring improves glycemic control in diabetic patients.,Diabetes
Statins help lower cholesterol and prevent coronary artery disease.,Cardiology
Insulin therapy remains the cornerstone for type 1 diabetes treatment.,Diabetes
Lifestyle modifications are the first step in managing high blood pressure.,Hypertension
ACE inhibitors are commonly prescribed for essential hypertension.,Hypertension
Echocardiography is a key diagnostic tool in cardiology.,Cardiology
Continuous glucose monitoring improves glycemic control in diabetic patients.,Diabetes
Beta-blockers are essential for managing chronic heart failure.,Cardiology
BRCA mutations significantly increase the risk of breast and ovarian cancers.,Cancer
Early detection through screening can improve cancer survival rates.,Cancer
Beta-blockers are essential for managing chronic heart failure.,Cardiology
Chemotherapy and radiation therapy are standard treatments for many cancers.,Cancer
Lifestyle modifications are the first step in managing high blood pressure.,Hypertension
Recent trials show the efficacy of SGLT2 inhibitors in reducing HbA1c.,Diabetes
Chemotherapy and radiation therapy are standard treatments for many cancers.,Cancer
Beta-blockers are essential for managing chronic heart failure.,Cardiology
Hypertension is a leading risk factor for cardiovascular diseases.,Hypertension
Chemotherapy and radiation therapy are standard treatments for many cancers.,Cancer
The relationship between obesity and type 2 diabetes is well established.,Diabetes
Angioplasty is often used to restore blood flow in blocked arteries.,Cardiology
Chemotherapy and radiation therapy are standard treatments for many cancers.,Cancer
Insulin therapy remains the cornerstone for type 1 diabetes treatment.,Diabetes
Early detection through screening can improve cancer survival rates.,Cancer
Statins help lower cholesterol and prevent coronary artery disease.,Cardiology
Beta-blockers are essential for managing chronic heart failure.,Cardiology
ACE inhibitors are commonly prescribed for essential hypertension.,Hypertension
Angioplasty is often used to restore blood flow in blocked arteries.,Cardiology
Hypertension is a leading risk factor for cardiovascular diseases.,Hypertension
Diet and exercise are essential components in diabetes management.,Diabetes
Beta-blockers are essential for managing chronic heart failure.,Cardiology
Beta-blockers are essential for managing chronic heart failure.,Cardiology
Continuous glucose monitoring improves glycemic control in diabetic patients.,Diabetes
Lifestyle modifications are the first step in managing high blood pressure.,Hypertension
Recent trials show the efficacy of SGLT2 inhibitors in reducing HbA1c.,Diabetes
Recent trials show the efficacy of SGLT2 inhibitors in reducing HbA1c.,Diabetes
BRCA mutations significantly increase the risk of breast and ovarian cancers.,Cancer
Salt reduction is an effective strategy for blood pressure control.,Hypertension
Immunotherapy has shown promise in treating metastatic melanoma.,Cancer
Lifestyle modifications are the first step in managing high blood pressure.,Hypertension
Statins help lower cholesterol and prevent coronary artery disease.,Cardiology
Immunotherapy has shown promise in treating metastatic melanoma.,Cancer
Lifestyle modifications are the first step in managing high blood pressure.,Hypertension
The relationship between obesity and type 2 diabetes is well established.,Diabetes
Immunotherapy has shown promise in treating metastatic melanoma.,Cancer
Immunotherapy has shown promise in treating metastatic melanoma.,Cancer
ACE inhibitors are commonly prescribed for essential hypertension.,Hypertension
ACE inhibitors are commonly prescribed for essential hypertension.,Hypertension
Continuous glucose monitoring improves glycemic control in diabetic patients.,Diabetes
Hypertension is a leading risk factor for cardiovascular diseases.,Hypertension
Lifestyle modifications are the first step in managing high blood pressure.,Hypertension
Recent trials show the efficacy of SGLT2 inhibitors in reducing HbA1c.,Diabetes
Chemotherapy and radiation therapy are standard treatments for many cancers.,Cancer
Diet and exercise are essential components in diabetes management.,Diabetes
Cardiac rehabilitation improves quality of life post-myocardial infarction.,Cardiology
Echocardiography is a key diagnostic tool in cardiology.,Cardiology
Ambulatory blood pressure monitoring provides better diagnosis of hypertension.,Hypertension
Echocardiography is a key diagnostic tool in cardiology.,Cardiology
Echocardiography is a key diagnostic tool in cardiology.,Cardiology
Immunotherapy has shown promise in treating metastatic melanoma.,Cancer
Lifestyle modifications are the first step in managing high blood pressure.,Hypertension
BRCA mutations significantly increase the risk of breast and ovarian cancers.,Cancer
Immunotherapy has shown promise in treating metastatic melanoma.,Cancer
Diet and exercise are essential components in diabetes management.,Diabetes
Statins help lower cholesterol and prevent coronary artery disease.,Cardiology
Echocardiography is a key diagnostic tool in cardiology.,Cardiology
Hypertension is a leading risk factor for cardiovascular diseases.,Hypertension
ACE inhibitors are commonly prescribed for essential hypertension.,Hypertension
The relationship between obesity and type 2 diabetes is well established.,Diabetes
Hypertension is a leading risk factor for cardiovascular diseases.,Hypertension
Diet and exercise are essential components in diabetes management.,Diabetes
Diet and exercise are essential components in diabetes management.,Diabetes
Lifestyle modifications are the first step in managing high blood pressure.,Hypertension
Lifestyle modifications are the first step in managing high blood pressure.,Hypertension
Salt reduction is an effective strategy for blood pressure control.,Hypertension
Early detection through screening can improve cancer survival rates.,Cancer
Angioplasty is often used to restore blood flow in blocked arteries.,Cardiology
Beta-blockers are essential for managing chronic heart failure.,Cardiology
Cancer genomics helps personalize treatment for better outcomes.,Cancer
Immunotherapy has shown promise in treating metastatic melanoma.,Cancer
Insulin therapy remains the cornerstone for type 1 diabetes treatment.,Diabetes
Hypertension is a leading risk factor for cardiovascular diseases.,Hypertension
ACE inhibitors are commonly prescribed for essential hypertension.,Hypertension
The relationship between obesity and type 2 diabetes is well established.,Diabetes
Chemotherapy and radiation therapy are standard treatments for many cancers.,Cancer
ACE inhibitors are commonly prescribed for essential hypertension.,Hypertension
Hypertension is a leading risk factor for cardiovascular diseases.,Hypertension
Hypertension is a leading risk factor for cardiovascular diseases.,Hypertension
Salt reduction is an effective strategy for blood pressure control.,Hypertension
Immunotherapy has shown promise in treating metastatic melanoma.,Cancer
Immunotherapy has shown promise in treating metastatic melanoma.,Cancer
Immunotherapy has shown promise in treating metastatic melanoma.,Cancer
Cardiac rehabilitation improves quality of life post-myocardial infarction.,Cardiology
Insulin therapy remains the cornerstone for type 1 diabetes treatment.,Diabetes
Diet and exercise are essential components in diabetes management.,Diabetes
Lifestyle modifications are the first step in managing high blood pressure.,Hypertension
Recent trials show the efficacy of SGLT2 inhibitors in reducing HbA1c.,Diabetes
Immunotherapy has shown promise in treating metastatic melanoma.,Cancer
Ambulatory blood pressure monitoring provides better diagnosis of hypertension.,Hypertension
The relationship between obesity and type 2 diabetes is well established.,Diabetes
Lifestyle modifications are the first step in managing high blood pressure.,Hypertension
Diet and exercise are essential components in diabetes management.,Diabetes
Hypertension is a leading risk factor for cardiovascular diseases.,Hypertension
Chemotherapy and radiation therapy are standard treatments for many cancers.,Cancer
BRCA mutations significantly increase the risk of breast and ovarian cancers.,Cancer
Continuous glucose monitoring improves glycemic control in diabetic patients.,Diabetes
Salt reduction is an effective strategy for blood pressure control.,Hypertension
Angioplasty is often used to restore blood flow in blocked arteries.,Cardiology
Lifestyle modifications are the first step in managing high blood pressure.,Hypertension
Statins help lower cholesterol and prevent coronary artery disease.,Cardiology
BRCA mutations significantly increase the risk of breast and ovarian cancers.,Cancer
ACE inhibitors are commonly prescribed for essential hypertension.,Hypertension
Diet and exercise are essential components in diabetes management.,Diabetes
Angioplasty is often used to restore blood flow in blocked arteries.,Cardiology
Hypertension is a leading risk factor for cardiovascular diseases.,Hypertension
ACE inhibitors are commonly prescribed for essential hypertension.,Hypertension
Cancer genomics helps personalize treatment for better outcomes.,Cancer
ACE inhibitors are commonly prescribed for essential hypertension.,Hypertension
Lifestyle modifications are the first step in managing high blood pressure.,Hypertension
Insulin therapy remains the cornerstone for type 1 diabetes treatment.,Diabetes
Salt reduction is an effective strategy for blood pressure control.,Hypertension
ACE inhibitors are commonly prescribed for essential hypertension.,Hypertension
Angioplasty is often used to restore blood flow in blocked arteries.,Cardiology
Immunotherapy has shown promise in treating metastatic melanoma.,Cancer
Insulin therapy remains the cornerstone for type 1 diabetes treatment.,Diabetes
Salt reduction is an effective strategy for blood pressure control.,Hypertension
Beta-blockers are essential for managing chronic heart failure.,Cardiology
Early detection through screening can improve cancer survival rates.,Cancer
Early detection through screening can improve cancer survival rates.,Cancer
Lifestyle modifications are the first step in managing high blood pressure.,Hypertension
Statins help lower cholesterol and prevent coronary artery disease.,Cardiology
Diet and exercise are essential components in diabetes management.,Diabetes
Echocardiography is a key diagnostic tool in cardiology.,Cardiology
Salt reduction is an effective strategy for blood pressure control.,Hypertension
Ambulatory blood pressure monitoring provides better diagnosis of hypertension.,Hypertension
Beta-blockers are essential for managing chronic heart failure.,Cardiology
Immunotherapy has shown promise in treating metastatic melanoma.,Cancer
Cancer genomics helps personalize treatment for better outcomes.,Cancer
Cancer genomics helps personalize treatment for better outcomes.,Cancer
The relationship between obesity and type 2 diabetes is well established.,Diabetes
Immunotherapy has shown promise in treating metastatic melanoma.,Cancer
Ambulatory blood pressure monitoring provides better diagnosis of hypertension.,Hypertension
Diet and exercise are essential components in diabetes management.,Diabetes
Recent trials show the efficacy of SGLT2 inhibitors in reducing HbA1c.,Diabetes
The relationship between obesity and type 2 diabetes is well established.,Diabetes
Echocardiography is a key diagnostic tool in cardiology.,Cardiology
Recent trials show the efficacy of SGLT2 inhibitors in reducing HbA1c.,Diabetes
Statins help lower cholesterol and prevent coronary artery disease.,Cardiology
Continuous glucose monitoring improves glycemic control in diabetic patients.,Diabetes
Hypertension is a leading risk factor for cardiovascular diseases.,Hypertension
Angioplasty is often used to restore blood flow in blocked arteries.,Cardiology
Immunotherapy has shown promise in treating metastatic melanoma.,Cancer
Echocardiography is a key diagnostic tool in cardiology.,Cardiology
Recent trials show the efficacy of SGLT2 inhibitors in reducing HbA1c.,Diabetes
Beta-blockers are essential for managing chronic heart failure.,Cardiology
Lifestyle modifications are the first step in managing high blood pressure.,Hypertension
Salt reduction is an effective strategy for blood pressure control.,Hypertension
Statins help lower cholesterol and prevent coronary artery disease.,Cardiology
Cardiac rehabilitation improves quality of life post-myocardial infarction.,Cardiology
Cancer genomics helps personalize treatment for better outcomes.,Cancer
Hypertension is a leading risk factor for cardiovascular diseases.,Hypertension
Cancer genomics helps personalize treatment for better outcomes.,Cancer
Hypertension is a leading risk factor for cardiovascular diseases.,Hypertension
Immunotherapy has shown promise in treating metastatic melanoma.,Cancer
BRCA mutations significantly increase the risk of breast and ovarian cancers.,Cancer
Diet and exercise are essential components in diabetes management.,Diabetes
Beta-blockers are essential for managing chronic heart failure.,Cardiology
Diet and exercise are essential components in diabetes management.,Diabetes
Angioplasty is often used to restore blood flow in blocked arteries.,Cardiology
ACE inhibitors are commonly prescribed for essential hypertension.,Hypertension
Recent trials show the efficacy of SGLT2 inhibitors in reducing HbA1c.,Diabetes
Echocardiography is a key diagnostic tool in cardiology.,Cardiology
ACE inhibitors are commonly prescribed for essential hypertension.,Hypertension
Hypertension is a leading risk factor for cardiovascular diseases.,Hypertension
Continuous glucose monitoring improves glycemic control in diabetic patients.,Diabetes
Recent trials show the efficacy of SGLT2 inhibitors in reducing HbA1c.,Diabetes
Immunotherapy has shown promise in treating metastatic melanoma.,Cancer
Immunotherapy has shown promise in treating metastatic melanoma.,Cancer
Statins help lower cholesterol and prevent coronary artery disease.,Cardiology
Immunotherapy has shown promise in treating metastatic melanoma.,Cancer
Insulin therapy remains the cornerstone for type 1 diabetes treatment.,Diabetes
Statins help lower cholesterol and prevent coronary artery disease.,Cardiology
BRCA mutations significantly increase the risk of breast and ovarian cancers.,Cancer
Diet and exercise are essential components in diabetes management.,Diabetes
Statins help lower cholesterol and prevent coronary artery disease.,Cardiology
Insulin therapy remains the cornerstone for type 1 diabetes treatment.,Diabetes
Chemotherapy and radiation therapy are standard treatments for many cancers.,Cancer
Cancer genomics helps personalize treatment for better outcomes.,Cancer
Echocardiography is a key diagnostic tool in cardiology.,Cardiology
Beta-blockers are essential for managing chronic heart failure.,Cardiology
Statins help lower cholesterol and prevent coronary artery disease.,Cardiology
Continuous glucose monitoring improves glycemic control in diabetic patients.,Diabetes
Immunotherapy has shown promise in treating metastatic melanoma.,Cancer
Recent trials show the efficacy of SGLT2 inhibitors in reducing HbA1c.,Diabetes
Echocardiography is a key diagnostic tool in cardiology.,Cardiology
Early detection through screening can improve cancer survival rates.,Cancer
Early detection through screening can improve cancer survival rates.,Cancer
Salt reduction is an effective strategy for blood pressure control.,Hypertension
Echocardiography is a key diagnostic tool in cardiology.,Cardiology
BRCA mutations significantly increase the risk of breast and ovarian cancers.,Cancer
Cancer genomics helps personalize treatment for better outcomes.,Cancer
BRCA mutations significantly increase the risk of breast and ovarian cancers.,Cancer
The relationship between obesity and type 2 diabetes is well established.,Diabetes
Beta-blockers are essential for managing chronic heart failure.,Cardiology
Salt reduction is an effective strategy for blood pressure control.,Hypertension
Angioplasty is often used to restore blood flow in blocked arteries.,Cardiology
Beta-blockers are essential for managing chronic heart failure.,Cardiology
Continuous glucose monitoring improves glycemic control in diabetic patients.,Diabetes
Salt reduction is an effective strategy for blood pressure control.,Hypertension
The relationship between obesity and type 2 diabetes is well established.,Diabetes
Early detection through screening can improve cancer survival rates.,Cancer
Immunotherapy has shown promise in treating metastatic melanoma.,Cancer
BRCA mutations significantly increase the risk of breast and ovarian cancers.,Cancer
Angioplasty is often used to restore blood flow in blocked arteries.,Cardiology
Angioplasty is often used to restore blood flow in blocked arteries.,Cardiology
Chemotherapy and radiation therapy are standard treatments for many cancers.,Cancer
Immunotherapy has shown promise in treating metastatic melanoma.,Cancer
Ambulatory blood pressure monitoring provides better diagnosis of hypertension.,Hypertension
Chemotherapy and radiation therapy are standard treatments for many cancers.,Cancer
Cardiac rehabilitation improves quality of life post-myocardial infarction.,Cardiology
Hypertension is a leading risk factor for cardiovascular diseases.,Hypertension
Diet and exercise are essential components in diabetes management.,Diabetes
Continuous glucose monitoring improves glycemic control in diabetic patients.,Diabetes
Lifestyle modifications are the first step in managing high blood pressure.,Hypertension
Hypertension is a leading risk factor for cardiovascular diseases.,Hypertension
Lifestyle modifications are the first step in managing high blood pressure.,Hypertension
Ambulatory blood pressure monitoring provides better diagnosis of hypertension.,Hypertension
Cancer genomics helps personalize treatment for better outcomes.,Cancer
Diet and exercise are essential components in diabetes management.,Diabetes
Diet and exercise are essential components in diabetes management.,Diabetes
Echocardiography is a key diagnostic tool in cardiology.,Cardiology
Cancer genomics helps personalize treatment for better outcomes.,Cancer
The relationship between obesity and type 2 diabetes is well established.,Diabetes
ACE inhibitors are commonly prescribed for essential hypertension.,Hypertension
Immunotherapy has shown promise in treating metastatic melanoma.,Cancer
The relationship between obesity and type 2 diabetes is well established.,Diabetes
Echocardiography is a key diagnostic tool in cardiology.,Cardiology
Ambulatory blood pressure monitoring provides better diagnosis of hypertension.,Hypertension
Angioplasty is often used to restore blood flow in blocked arteries.,Cardiology
Ambulatory blood pressure monitoring provides better diagnosis of hypertension.,Hypertension
Lifestyle modifications are the first step in managing high blood pressure.,Hypertension
Beta-blockers are essential for managing chronic heart failure.,Cardiology
The relationship between obesity and type 2 diabetes is well established.,Diabetes
Early detection through screening can improve cancer survival rates.,Cancer
ACE inhibitors are commonly prescribed for essential hypertension.,Hypertension
Immunotherapy has shown promise in treating metastatic melanoma.,Cancer
Diet and exercise are essential components in diabetes management.,Diabetes
Chemotherapy and radiation therapy are standard treatments for many cancers.,Cancer
Salt reduction is an effective strategy for blood pressure control.,Hypertension
Lifestyle modifications are the first step in managing high blood pressure.,Hypertension
Continuous glucose monitoring improves glycemic control in diabetic patients.,Diabetes
BRCA mutations significantly increase the risk of breast and ovarian cancers.,Cancer
Early detection through screening can improve cancer survival rates.,Cancer
Chemotherapy and radiation therapy are standard treatments for many cancers.,Cancer
Early detection through screening can improve cancer survival rates.,Cancer
Chemotherapy and radiation therapy are standard treatments for many cancers.,Cancer
The relationship between obesity and type 2 diabetes is well established.,Diabetes
Early detection through screening can improve cancer survival rates.,Cancer
Statins help lower cholesterol and prevent coronary artery disease.,Cardiology
Hypertension is a leading risk factor for cardiovascular diseases.,Hypertension
Salt reduction is an effective strategy for blood pressure control.,Hypertension
BRCA mutations significantly increase the risk of breast and ovarian cancers.,Cancer
Cardiac rehabilitation improves quality of life post-myocardial infarction.,Cardiology
Hypertension is a leading risk factor for cardiovascular diseases.,Hypertension
Hypertension is a leading risk factor for cardiovascular diseases.,Hypertension
Early detection through screening can improve cancer survival rates.,Cancer
Continuous glucose monitoring improves glycemic control in diabetic patients.,Diabetes
Recent trials show the efficacy of SGLT2 inhibitors in reducing HbA1c.,Diabetes
Salt reduction is an effective strategy for blood pressure control.,Hypertension
Echocardiography is a key diagnostic tool in cardiology.,Cardiology
Early detection through screening can improve cancer survival rates.,Cancer
Insulin therapy remains the cornerstone for type 1 diabetes treatment.,Diabetes
Beta-blockers are essential for managing chronic heart failure.,Cardiology
Cardiac rehabilitation improves quality of life post-myocardial infarction.,Cardiology
Salt reduction is an effective strategy for blood pressure control.,Hypertension
Diet and exercise are essential components in diabetes management.,Diabetes
Insulin therapy remains the cornerstone for type 1 diabetes treatment.,Diabetes
Immunotherapy has shown promise in treating metastatic melanoma.,Cancer
Diet and exercise are essential components in diabetes management.,Diabetes
Lifestyle modifications are the first step in managing high blood pressure.,Hypertension
Echocardiography is a key diagnostic tool in cardiology.,Cardiology
Cancer genomics helps personalize treatment for better outcomes.,Cancer
Statins help lower cholesterol and prevent coronary artery disease.,Cardiology
Insulin therapy remains the cornerstone for type 1 diabetes treatment.,Diabetes
BRCA mutations significantly increase the risk of breast and ovarian cancers.,Cancer
Beta-blockers are essential for managing chronic heart failure.,Cardiology
Beta-blockers are essential for managing chronic heart failure.,Cardiology
Insulin therapy remains the cornerstone for type 1 diabetes treatment.,Diabetes
Insulin therapy remains the cornerstone for type 1 diabetes treatment.,Diabetes
Continuous glucose monitoring improves glycemic control in diabetic patients.,Diabetes
Chemotherapy and radiation therapy are standard treatments for many cancers.,Cancer
Salt reduction is an effective strategy for blood pressure control.,Hypertension
Early detection through screening can improve cancer survival rates.,Cancer
Early detection through screening can improve cancer survival rates.,Cancer
The relationship between obesity and type 2 diabetes is well established.,Diabetes
Ambulatory blood pressure monitoring provides better diagnosis of hypertension.,Hypertension
Chemotherapy and radiation therapy are standard treatments for many cancers.,Cancer
Insulin therapy remains the cornerstone for type 1 diabetes treatment.,Diabetes
Insulin therapy remains the cornerstone for type 1 diabetes treatment.,Diabetes
Cardiac rehabilitation improves quality of life post-myocardial infarction.,Cardiology
Ambulatory blood pressure monitoring provides better diagnosis of hypertension.,Hypertension
Beta-blockers are essential for managing chronic heart failure.,Cardiology
Angioplasty is often used to restore blood flow in blocked arteries.,Cardiology
Recent trials show the efficacy of SGLT2 inhibitors in reducing HbA1c.,Diabetes
Echocardiography is a key diagnostic tool in cardiology.,Cardiology
Echocardiography is a key diagnostic tool in cardiology.,Cardiology
Cardiac rehabilitation improves quality of life post-myocardial infarction.,Cardiology
Cardiac rehabilitation improves quality of life post-myocardial infarction.,Cardiology
Recent trials show the efficacy of SGLT2 inhibitors in reducing HbA1c.,Diabetes
Angioplasty is often used to restore blood flow in blocked arteries.,Cardiology
Continuous glucose monitoring improves glycemic control in diabetic patients.,Diabetes
Hypertension is a leading risk factor for cardiovascular diseases.,Hypertension
Angioplasty is often used to restore blood flow in blocked arteries.,Cardiology
Continuous glucose monitoring improves glycemic control in diabetic patients.,Diabetes
BRCA mutations significantly increase the risk of breast and ovarian cancers.,Cancer
Continuous glucose monitoring improves glycemic control in diabetic patients.,Diabetes
Diet and exercise are essential components in diabetes management.,Diabetes
Echocardiography is a key diagnostic tool in cardiology.,Cardiology
Chemotherapy and radiation therapy are standard treatments for many cancers.,Cancer
Recent trials show the efficacy of SGLT2 inhibitors in reducing HbA1c.,Diabetes
Continuous glucose monitoring improves glycemic control in diabetic patients.,Diabetes
Ambulatory blood pressure monitoring provides better diagnosis of hypertension.,Hypertension
Echocardiography is a key diagnostic tool in cardiology.,Cardiology
Recent trials show the efficacy of SGLT2 inhibitors in reducing HbA1c.,Diabetes
Hypertension is a leading risk factor for cardiovascular diseases.,Hypertension
Recent trials show the efficacy of SGLT2 inhibitors in reducing HbA1c.,Diabetes
Angioplasty is often used to restore blood flow in blocked arteries.,Cardiology
ACE inhibitors are commonly prescribed for essential hypertension.,Hypertension
Insulin therapy remains the cornerstone for type 1 diabetes treatment.,Diabetes
Immunotherapy has shown promise in treating metastatic melanoma.,Cancer
Early detection through screening can improve cancer survival rates.,Cancer
Salt reduction is an effective strategy for blood pressure control.,Hypertension
Continuous glucose monitoring improves glycemic control in diabetic patients.,Diabetes
BRCA mutations significantly increase the risk of breast and ovarian cancers.,Cancer
BRCA mutations significantly increase the risk of breast and ovarian cancers.,Cancer
Angioplasty is often used to restore blood flow in blocked arteries.,Cardiology
Diet and exercise are essential components in diabetes management.,Diabetes
The relationship between obesity and type 2 diabetes is well established.,Diabetes
Echocardiography is a key diagnostic tool in cardiology.,Cardiology
Statins help lower cholesterol and prevent coronary artery disease.,Cardiology
Beta-blockers are essential for managing chronic heart failure.,Cardiology
Recent trials show the efficacy of SGLT2 inhibitors in reducing HbA1c.,Diabetes
Early detection through screening can improve cancer survival rates.,Cancer
Hypertension is a leading risk factor for cardiovascular diseases.,Hypertension
Immunotherapy has shown promise in treating metastatic melanoma.,Cancer
Cardiac rehabilitation improves quality of life post-myocardial infarction.,Cardiology
Cardiac rehabilitation improves quality of life post-myocardial infarction.,Cardiology
Immunotherapy has shown promise in treating metastatic melanoma.,Cancer
Insulin therapy remains the cornerstone for type 1 diabetes treatment.,Diabetes
Recent trials show the efficacy of SGLT2 inhibitors in reducing HbA1c.,Diabetes
Lifestyle modifications are the first step in managing high blood pressure.,Hypertension
Diet and exercise are essential components in diabetes management.,Diabetes
Chemotherapy and radiation therapy are standard treatments for many cancers.,Cancer
Cardiac rehabilitation improves quality of life post-myocardial infarction.,Cardiology
Continuous glucose monitoring improves glycemic control in diabetic patients.,Diabetes
BRCA mutations significantly increase the risk of breast and ovarian cancers.,Cancer
Recent trials show the efficacy of SGLT2 inhibitors in reducing HbA1c.,Diabetes
Diet and exercise are essential components in diabetes management.,Diabetes
Salt reduction is an effective strategy for blood pressure control.,Hypertension
Insulin therapy remains the cornerstone for type 1 diabetes treatment.,Diabetes
Recent trials show the efficacy of SGLT2 inhibitors in reducing HbA1c.,Diabetes
Hypertension is a leading risk factor for cardiovascular diseases.,Hypertension
Angioplasty is often used to restore blood flow in blocked arteries.,Cardiology
Cancer genomics helps personalize treatment for better outcomes.,Cancer
Immunotherapy has shown promise in treating metastatic melanoma.,Cancer
Recent trials show the efficacy of SGLT2 inhibitors in reducing HbA1c.,Diabetes
The relationship between obesity and type 2 diabetes is well established.,Diabetes
Statins help lower cholesterol and prevent coronary artery disease.,Cardiology
Hypertension is a leading risk factor for cardiovascular diseases.,Hypertension
Immunotherapy has shown promise in treating metastatic melanoma.,Cancer
Beta-blockers are essential for managing chronic heart failure.,Cardiology
BRCA mutations significantly increase the risk of breast and ovarian cancers.,Cancer
Ambulatory blood pressure monitoring provides better diagnosis of hypertension.,Hypertension
Recent trials show the efficacy of SGLT2 inhibitors in reducing HbA1c.,Diabetes
Continuous glucose monitoring improves glycemic control in diabetic patients.,Diabetes
Salt reduction is an effective strategy for blood pressure control.,Hypertension
Lifestyle modifications are the first step in managing high blood pressure.,Hypertension
Salt reduction is an effective strategy for blood pressure control.,Hypertension
Early detection through screening can improve cancer survival rates.,Cancer
Hypertension is a leading risk factor for cardiovascular diseases.,Hypertension
Statins help lower cholesterol and prevent coronary artery disease.,Cardiology
Salt reduction is an effective strategy for blood pressure control.,Hypertension
Chemotherapy and radiation therapy are standard treatments for many cancers.,Cancer
Salt reduction is an effective strategy for blood pressure control.,Hypertension
The relationship between obesity and type 2 diabetes is well established.,Diabetes
Insulin therapy remains the cornerstone for type 1 diabetes treatment.,Diabetes
Early detection through screening can improve cancer survival rates.,Cancer
Recent trials show the efficacy of SGLT2 inhibitors in reducing HbA1c.,Diabetes
ACE inhibitors are commonly prescribed for essential hypertension.,Hypertension
Ambulatory blood pressure monitoring provides better diagnosis of hypertension.,Hypertension
Beta-blockers are essential for managing chronic heart failure.,Cardiology
Recent trials show the efficacy of SGLT2 inhibitors in reducing HbA1c.,Diabetes
Angioplasty is often used to restore blood flow in blocked arteries.,Cardiology
Echocardiography is a key diagnostic tool in cardiology.,Cardiology
Angioplasty is often used to restore blood flow in blocked arteries.,Cardiology
Diet and exercise are essential components in diabetes management.,Diabetes
The relationship between obesity and type 2 diabetes is well established.,Diabetes
Recent trials show the efficacy of SGLT2 inhibitors in reducing HbA1c.,Diabetes
Early detection through screening can improve cancer survival rates.,Cancer
Ambulatory blood pressure monitoring provides better diagnosis of hypertension.,Hypertension
Lifestyle modifications are the first step in managing high blood pressure.,Hypertension
Cancer genomics helps personalize treatment for better outcomes.,Cancer
Beta-blockers are essential for managing chronic heart failure.,Cardiology
Continuous glucose monitoring improves glycemic control in diabetic patients.,Diabetes
Continuous glucose monitoring improves glycemic control in diabetic patients.,Diabetes
Immunotherapy has shown promise in treating metastatic melanoma.,Cancer
Continuous glucose monitoring improves glycemic control in diabetic patients.,Diabetes
Diet and exercise are essential components in diabetes management.,Diabetes
Immunotherapy has shown promise in treating metastatic melanoma.,Cancer
Diet and exercise are essential components in diabetes management.,Diabetes
Insulin therapy remains the cornerstone for type 1 diabetes treatment.,Diabetes
Chemotherapy and radiation therapy are standard treatments for many cancers.,Cancer
Recent trials show the efficacy of SGLT2 inhibitors in reducing HbA1c.,Diabetes
Lifestyle modifications are the first step in managing high blood pressure.,Hypertension
Insulin therapy remains the cornerstone for type 1 diabetes treatment.,Diabetes
Insulin therapy remains the cornerstone for type 1 diabetes treatment.,Diabetes
BRCA mutations significantly increase the risk of breast and ovarian cancers.,Cancer
Lifestyle modifications are the first step in managing high blood pressure.,Hypertension
Cardiac rehabilitation improves quality of life post-myocardial infarction.,Cardiology
The relationship between obesity and type 2 diabetes is well established.,Diabetes
Insulin therapy remains the cornerstone for type 1 diabetes treatment.,Diabetes
Echocardiography is a key diagnostic tool in cardiology.,Cardiology
Cancer genomics helps personalize treatment for better outcomes.,Cancer
Ambulatory blood pressure monitoring provides better diagnosis of hypertension.,Hypertension
Immunotherapy has shown promise in treating metastatic melanoma.,Cancer
BRCA mutations significantly increase the risk of breast and ovarian cancers.,Cancer
Insulin therapy remains the cornerstone for type 1 diabetes treatment.,Diabetes
Insulin therapy remains the cornerstone for type 1 diabetes treatment.,Diabetes
Cardiac rehabilitation improves quality of life post-myocardial infarction.,Cardiology
Ambulatory blood pressure monitoring provides better diagnosis of hypertension.,Hypertension
Salt reduction is an effective strategy for blood pressure control.,Hypertension
Statins help lower cholesterol and prevent coronary artery disease.,Cardiology
Insulin therapy remains the cornerstone for type 1 diabetes treatment.,Diabetes
ACE inhibitors are commonly prescribed for essential hypertension.,Hypertension
Hypertension is a leading risk factor for cardiovascular diseases.,Hypertension
Cardiac rehabilitation improves quality of life post-myocardial infarction.,Cardiology
Echocardiography is a key diagnostic tool in cardiology.,Cardiology
The relationship between obesity and type 2 diabetes is well established.,Diabetes
Continuous glucose monitoring improves glycemic control in diabetic patients.,Diabetes
BRCA mutations significantly increase the risk of breast and ovarian cancers.,Cancer
Insulin therapy remains the cornerstone for type 1 diabetes treatment.,Diabetes
Continuous glucose monitoring improves glycemic control in diabetic patients.,Diabetes
Chemotherapy and radiation therapy are standard treatments for many cancers.,Cancer
Beta-blockers are essential for managing chronic heart failure.,Cardiology
Echocardiography is a key diagnostic tool in cardiology.,Cardiology
Chemotherapy and radiation therapy are standard treatments for many cancers.,Cancer
Hypertension is a leading risk factor for cardiovascular diseases.,Hypertension
Statins help lower cholesterol and prevent coronary artery disease.,Cardiology
Diet and exercise are essential components in diabetes management.,Diabetes
Lifestyle modifications are the first step in managing high blood pressure.,Hypertension
Early detection through screening can improve cancer survival rates.,Cancer
Early detection through screening can improve cancer survival rates.,Cancer
ACE inhibitors are commonly prescribed for essential hypertension.,Hypertension
Ambulatory blood pressure monitoring provides better diagnosis of hypertension.,Hypertension
Recent trials show the efficacy of SGLT2 inhibitors in reducing HbA1c.,Diabetes
Continuous glucose monitoring improves glycemic control in diabetic patients.,Diabetes
Early detection through screening can improve cancer survival rates.,Cancer
Angioplasty is often used to restore blood flow in blocked arteries.,Cardiology
Angioplasty is often used to restore blood flow in blocked arteries.,Cardiology
Angioplasty is often used to restore blood flow in blocked arteries.,Cardiology
Statins help lower cholesterol and prevent coronary artery disease.,Cardiology
ACE inhibitors are commonly prescribed for essential hypertension.,Hypertension
Early detection through screening can improve cancer survival rates.,Cancer
Continuous glucose monitoring improves glycemic control in diabetic patients.,Diabetes
Early detection through screening can improve cancer survival rates.,Cancer
BRCA mutations significantly increase the risk of breast and ovarian cancers.,Cancer
Hypertension is a leading risk factor for cardiovascular diseases.,Hypertension
Hypertension is a leading risk factor for cardiovascular diseases.,Hypertension
Cardiac rehabilitation improves quality of life post-myocardial infarction.,Cardiology
Diet and exercise are essential components in diabetes management.,Diabetes
BRCA mutations significantly increase the risk of breast and ovarian cancers.,Cancer
Statins help lower cholesterol and prevent coronary artery disease.,Cardiology
Hypertension is a leading risk factor for cardiovascular diseases.,Hypertension
Chemotherapy and radiation therapy are standard treatments for many cancers.,Cancer
Immunotherapy has shown promise in treating metastatic melanoma.,Cancer
ACE inhibitors are commonly prescribed for essential hypertension.,Hypertension
Beta-blockers are essential for managing chronic heart failure.,Cardiology
Chemotherapy and radiation therapy are standard treatments for many cancers.,Cancer
Continuous glucose monitoring improves glycemic control in diabetic patients.,Diabetes
Chemotherapy and radiation therapy are standard treatments for many cancers.,Cancer
ACE inhibitors are commonly prescribed for essential hypertension.,Hypertension
Immunotherapy has shown promise in treating metastatic melanoma.,Cancer
Ambulatory blood pressure monitoring provides better diagnosis of hypertension.,Hypertension
Insulin therapy remains the cornerstone for type 1 diabetes treatment.,Diabetes
Statins help lower cholesterol and prevent coronary artery disease.,Cardiology
Angioplasty is often used to restore blood flow in blocked arteries.,Cardiology
Immunotherapy has shown promise in treating metastatic melanoma.,Cancer
Salt reduction is an effective strategy for blood pressure control.,Hypertension
BRCA mutations significantly increase the risk of breast and ovarian cancers.,Cancer
Immunotherapy has shown promise in treating metastatic melanoma.,Cancer
Cardiac rehabilitation improves quality of life post-myocardial infarction.,Cardiology
Beta-blockers are essential for managing chronic heart failure.,Cardiology
Hypertension is a leading risk factor for cardiovascular diseases.,Hypertension
Cardiac rehabilitation improves quality of life post-myocardial infarction.,Cardiology
The relationship between obesity and type 2 diabetes is well established.,Diabetes
Ambulatory blood pressure monitoring provides better diagnosis of hypertension.,Hypertension
Echocardiography is a key diagnostic tool in cardiology.,Cardiology
Lifestyle modifications are the first step in managing high blood pressure.,Hypertension
Cancer genomics helps personalize treatment for better outcomes.,Cancer
ACE inhibitors are commonly prescribed for essential hypertension.,Hypertension
Recent trials show the efficacy of SGLT2 inhibitors in reducing HbA1c.,Diabetes
The relationship between obesity and type 2 diabetes is well established.,Diabetes
Beta-blockers are essential for managing chronic heart failure.,Cardiology
Statins help lower cholesterol and prevent coronary artery disease.,Cardiology
Lifestyle modifications are the first step in managing high blood pressure.,Hypertension
BRCA mutations significantly increase the risk of breast and ovarian cancers.,Cancer
Salt reduction is an effective strategy for blood pressure control.,Hypertension
Statins help lower cholesterol and prevent coronary artery disease.,Cardiology
ACE inhibitors are commonly prescribed for essential hypertension.,Hypertension
ACE inhibitors are commonly prescribed for essential hypertension.,Hypertension
Cancer genomics helps personalize treatment for better outcomes.,Cancer
Insulin therapy remains the cornerstone for type 1 diabetes treatment.,Diabetes
Early detection through screening can improve cancer survival rates.,Cancer
Lifestyle modifications are the first step in managing high blood pressure.,Hypertension
Immunotherapy has shown promise in treating metastatic melanoma.,Cancer
Chemotherapy and radiation therapy are standard treatments for many cancers.,Cancer
Lifestyle modifications are the first step in managing high blood pressure.,Hypertension
Echocardiography is a key diagnostic tool in cardiology.,Cardiology
ACE inhibitors are commonly prescribed for essential hypertension.,Hypertension
Immunotherapy has shown promise in treating metastatic melanoma.,Cancer
Chemotherapy and radiation therapy are standard treatments for many cancers.,Cancer
Angioplasty is often used to restore blood flow in blocked arteries.,Cardiology
Continuous glucose monitoring improves glycemic control in diabetic patients.,Diabetes
Chemotherapy and radiation therapy are standard treatments for many cancers.,Cancer
Cancer genomics helps personalize treatment for better outcomes.,Cancer
Angioplasty is often used to restore blood flow in blocked arteries.,Cardiology
Hypertension is a leading risk factor for cardiovascular diseases.,Hypertension
Insulin therapy remains the cornerstone for type 1 diabetes treatment.,Diabetes
Ambulatory blood pressure monitoring provides better diagnosis of hypertension.,Hypertension
Cardiac rehabilitation improves quality of life post-myocardial infarction.,Cardiology
Continuous glucose monitoring improves glycemic control in diabetic patients.,Diabetes
Salt reduction is an effective strategy for blood pressure control.,Hypertension
BRCA mutations significantly increase the risk of breast and ovarian cancers.,Cancer
Cancer genomics helps personalize treatment for better outcomes.,Cancer
Continuous glucose monitoring improves glycemic control in diabetic patients.,Diabetes
Insulin therapy remains the cornerstone for type 1 diabetes treatment.,Diabetes
Recent trials show the efficacy of SGLT2 inhibitors in reducing HbA1c.,Diabetes
The relationship between obesity and type 2 diabetes is well established.,Diabetes
ACE inhibitors are commonly prescribed for essential hypertension.,Hypertension
Beta-blockers are essential for managing chronic heart failure.,Cardiology
Ambulatory blood pressure monitoring provides better diagnosis of hypertension.,Hypertension
Salt reduction is an effective strategy for blood pressure control.,Hypertension
Salt reduction is an effective strategy for blood pressure control.,Hypertension
Lifestyle modifications are the first step in managing high blood pressure.,Hypertension
Angioplasty is often used to restore blood flow in blocked arteries.,Cardiology
The relationship between obesity and type 2 diabetes is well established.,Diabetes
Early detection through screening can improve cancer survival rates.,Cancer
Statins help lower cholesterol and prevent coronary artery disease.,Cardiology
Immunotherapy has shown promise in treating metastatic melanoma.,Cancer
Chemotherapy and radiation therapy are standard treatments for many cancers.,Cancer
Ambulatory blood pressure monitoring provides better diagnosis of hypertension.,Hypertension
Insulin therapy remains the cornerstone for type 1 diabetes treatment.,Diabetes
